Registeration Year,Brand,Model,Price,Kilometer,Location,Ownership,Vehicle Upload Date
2022,Hero,Passion Pro i3s Disc Alloy,55000,30000.0,Bangalore,First,2025-08-07
2017,Bajaj,Pulsar NS160 STD,40000,27500.0,Delhi,Third,2025-08-07
2017,Bajaj,Pulsar NS200 STD BS4,55000,66850.0,Hyderabad,First,2025-08-07
2017,Bajaj,Dominar 400 (2016-2018) ABS,110000,35000.0,Jodhpur,First,2025-08-07
2017,Royal,Enfield Classic 350 Redditch Series With Single-Channel,145000,50000.0,Bangalore,First,2025-08-07
2012,Honda,Activa,20000,29500.0,Jaipur,First,2025-08-07
2023,Royal,Enfield Hunter 350 Metro Rebel,139999,5000.0,Kanpur,First,2025-08-05
2023,Yezdi,Roadster,165000,10000.0,Delhi,First,2025-01-27
2019,Royal,Enfield Thunderbird 350 ABS,110000,40000.0,Noida,Second,2025-01-27
2022,Hero,Electric Optima CX Dual Battery,80000,5000.0,Kolkata,First,2025-01-23
2015,Mahindra,Gusto DX,17000,35000.0,Mumbai,First,2025-01-22
2014,Honda,CB Trigger DLX,45000,30000.0,Mumbai,First,2025-01-22
2022,Hero,Passion Pro i3s Disc Alloy,55000,30000.0,Bangalore,First,2025-08-07
2017,Bajaj,Pulsar NS160 STD,40000,27500.0,Delhi,Third,2025-08-07
2017,Bajaj,Pulsar NS200 STD BS4,55000,66850.0,Hyderabad,First,2025-08-07
2017,Bajaj,Dominar 400 (2016-2018) ABS,110000,35000.0,Jodhpur,First,2025-08-07
2017,Royal,Enfield Classic 350 Redditch Series With Single-Channel,145000,50000.0,Bangalore,First,2025-08-07
2012,Honda,Activa,20000,29500.0,Jaipur,First,2025-08-07
2023,Royal,Enfield Hunter 350 Metro Rebel,139999,5000.0,Kanpur,First,2025-08-05
2023,Yezdi,Roadster,165000,10000.0,Delhi,First,2025-01-27
2019,Royal,Enfield Thunderbird 350 ABS,110000,40000.0,Noida,Second,2025-01-27
2022,Hero,Electric Optima CX Dual Battery,80000,5000.0,Kolkata,First,2025-01-23
2015,Mahindra,Gusto DX,17000,35000.0,Mumbai,First,2025-01-22
2014,Honda,CB Trigger DLX,45000,30000.0,Mumbai,First,2025-01-22
2023,Honda,SP 125,85000,5000.0,Noida,First,2025-01-20
2021,Royal,Enfield Interceptor 650 Ravishing Red,240000,10000.0,Bangalore,First,2025-01-17
2022,Royal,Enfield Bullet 350 X Electric Start,175000,15000.0,Bangalore,First,2025-01-17
2017,Honda,CB Hornet 160R BS4 Special Edition CBS,60000,33000.0,Pune,First,2025-01-17
2021,KTM,200 Duke STD 2018 – 2020,160000,30000.0,Bangalore,First,2025-01-15
2021,Suzuki,Gixxer SF 250 Moto GP BS6,125000,25000.0,Bangalore,Second,2025-01-15
2021,Suzuki,Burgman Street EX,65000,25000.0,Purnia,First,2025-01-13
2022,Yamaha,R15 V4 Racing Blue,150000,30000.0,Delhi,First,2025-01-09
2017,Honda,Activa 4G STD,50000,5000.0,Kolkata,First,2025-01-09
2021,TVS,Jupiter 125 Drum Alloy,50000,25000.0,Ahmedabad,First,2025-01-08
2021,KTM,250 Duke STD,160000,90000.0,Delhi,Second,2025-01-07
2021,Honda,Activa 125 Premium Edition Disc,57000,20000.0,Noida,First,2025-01-06
2023,Honda,SP 125,85000,5000.0,Noida,First,2025-01-20
2021,Royal,Enfield Interceptor 650 Ravishing Red,240000,10000.0,Bangalore,First,2025-01-17
2022,Royal,Enfield Bullet 350 X Electric Start,175000,15000.0,Bangalore,First,2025-01-17
2017,Honda,CB Hornet 160R BS4 Special Edition CBS,60000,33000.0,Pune,First,2025-01-17
2021,KTM,200 Duke STD 2018 – 2020,160000,30000.0,Bangalore,First,2025-01-15
2021,Suzuki,Gixxer SF 250 Moto GP BS6,125000,25000.0,Bangalore,Second,2025-01-15
2021,Suzuki,Burgman Street EX,65000,25000.0,Purnia,First,2025-01-13
2022,Yamaha,R15 V4 Racing Blue,150000,30000.0,Delhi,First,2025-01-09
2017,Honda,Activa 4G STD,50000,5000.0,Kolkata,First,2025-01-09
2021,TVS,Jupiter 125 Drum Alloy,50000,25000.0,Ahmedabad,First,2025-01-08
2021,KTM,250 Duke STD,160000,90000.0,Delhi,Second,2025-01-07
2021,Honda,Activa 125 Premium Edition Disc,57000,20000.0,Noida,First,2025-01-06
2022,Bajaj,Avenger Street 160,90000,10000.0,Mumbai,First,2025-01-02
2017,Bajaj,Pulsar NS160 STD,48000,70000.0,Delhi,First,2025-01-02
2024,TVS,NTORQ 125 Race Edition,102000,5000.0,Srinagar,First,2024-12-31
2016,Hero,Splendor PRO Self Spoke,30000,30000.0,Faridabad,Second,2024-12-31
2024,Yamaha,MT 15 V2,195000,3500.0,Chennai,First,2024-12-30
2019,Royal,Enfield Interceptor 650 Silver Spectre,200000,20000.0,Delhi,First,2024-12-27
2023,Triumph,Speed 400,200000,11800.0,Gurgaon,First,2024-12-27
2018,Bajaj,Pulsar NS160 STD,60000,35000.0,Delhi,First,2024-12-26
2020,Vespa,SXL 125 BS6,60000,50000.0,Pune,First,2024-12-26
2014,Royal,Enfield Bullet 350 ES ABS BS4,110000,120000.0,Hubballi,Above,2024-12-11
2012,Yamaha,FZ S FI (V 2.0) Dual Disc,40000,80000.0,Hyderabad,First,2024-12-10
2017,Yamaha,Ray Z STD,38000,30000.0,Hyderabad,First,2024-12-02
2022,Bajaj,Avenger Street 160,90000,10000.0,Mumbai,First,2025-01-02
2017,Bajaj,Pulsar NS160 STD,48000,70000.0,Delhi,First,2025-01-02
2024,TVS,NTORQ 125 Race Edition,102000,5000.0,Srinagar,First,2024-12-31
2016,Hero,Splendor PRO Self Spoke,30000,30000.0,Faridabad,Second,2024-12-31
2024,Yamaha,MT 15 V2,195000,3500.0,Chennai,First,2024-12-30
2019,Royal,Enfield Interceptor 650 Silver Spectre,200000,20000.0,Delhi,First,2024-12-27
2023,Triumph,Speed 400,200000,11800.0,Gurgaon,First,2024-12-27
2018,Bajaj,Pulsar NS160 STD,60000,35000.0,Delhi,First,2024-12-26
2020,Vespa,SXL 125 BS6,60000,50000.0,Pune,First,2024-12-26
2014,Royal,Enfield Bullet 350 ES ABS BS4,110000,120000.0,Hubballi,Above,2024-12-11
2012,Yamaha,FZ S FI (V 2.0) Dual Disc,40000,80000.0,Hyderabad,First,2024-12-10
2017,Yamaha,Ray Z STD,38000,30000.0,Hyderabad,First,2024-12-02
2019,Honda,Activa 4G STD,45000,40000.0,Hyderabad,First,2024-12-02
2022,Yamaha,FZ 25,120000,10000.0,Chennai,Second,2024-11-22
2018,Royal,Enfield Thunderbird 350 ABS,140000,20000.0,Agra,First,2024-11-21
2021,Honda,Dio Sports DLX,58000,60000.0,Hyderabad,First,2024-11-19
2013,Honda,Dream Yuga 110,20000,30000.0,Delhi,First,2024-11-12
2019,TVS,NTORQ 125 Disc BS4,46000,1010.0,Gurgaon,First,2024-11-11
2023,Bajaj,Pulsar 220 F,115000,35000.0,Hyderabad,First,2024-11-14
2015,Triumph,Tiger 1200 GT Explorer,100000,30000.0,Bangalore,Second,2024-11-11
2021,Aprilia,SXR 160,75000,7000.0,Mumbai,Second,2024-11-08
2015,Bajaj,Pulsar 150 Single Disc BS6,60000,50000.0,Prayagraj,First,2024-11-04
2012,Hero,Maestro 110cc,12000,70000.0,Chennai,First,2024-10-29
2021,Honda,Activa 5G Activa,25000,10000.0,Mumbai,First,2024-10-29
2019,Honda,Activa 4G STD,45000,40000.0,Hyderabad,First,2024-12-02
2022,Yamaha,FZ 25,120000,10000.0,Chennai,Second,2024-11-22
2018,Royal,Enfield Thunderbird 350 ABS,140000,20000.0,Agra,First,2024-11-21
2021,Honda,Dio Sports DLX,58000,60000.0,Hyderabad,First,2024-11-19
2013,Honda,Dream Yuga 110,20000,30000.0,Delhi,First,2024-11-12
2019,TVS,NTORQ 125 Disc BS4,46000,1010.0,Gurgaon,First,2024-11-11
2023,Bajaj,Pulsar 220 F,115000,35000.0,Hyderabad,First,2024-11-14
2015,Triumph,Tiger 1200 GT Explorer,100000,30000.0,Bangalore,Second,2024-11-11
2021,Aprilia,SXR 160,75000,7000.0,Mumbai,Second,2024-11-08
2015,Bajaj,Pulsar 150 Single Disc BS6,60000,50000.0,Prayagraj,First,2024-11-04
2012,Hero,Maestro 110cc,12000,70000.0,Chennai,First,2024-10-29
2021,Honda,Activa 5G Activa,25000,10000.0,Mumbai,First,2024-10-29
2016,Yamaha,FZ-S (V 2.0) STD,45000,40000.0,Solapur,First,2024-10-21
2018,Yamaha,R15S Dark Knight,66000,30000.0,Patna,First,2024-10-16
2012,Honda,Activa,30000,40000.0,Raichur,First,2024-10-15
2022,Yezdi,Roadster,200000,5000.0,Pune,First,2024-10-14
2022,Yamaha,MT 15 V2,150000,5000.0,Delhi,First,2024-10-08
2018,Bajaj,Platina 100 Electric Start CBS,39000,30000.0,Chennai,First,2024-10-07
2014,Yamaha,FZS 25,25000,20000.0,Delhi,Second,2024-10-07
2022,PURE,EV Epluto 7G,60000,10000.0,Mumbai,First,2024-10-03
2020,Royal,Enfield Classic 350 Dark Series With Dual-Channel,170000,30000.0,Ghaziabad,Third,2024-10-03
2021,Honda,CB350RS Mono Tone,180000,5000.0,Chennai,First,2024-10-03
2022,KTM,390 Adventure,280000,20000.0,Hyderabad,Second,2024-10-02
2023,Kawasaki,Ninja 300,365000,1125.0,Mumbai,First,2024-10-02
2016,Yamaha,FZ-S (V 2.0) STD,45000,40000.0,Solapur,First,2024-10-21
2018,Yamaha,R15S Dark Knight,66000,30000.0,Patna,First,2024-10-16
2012,Honda,Activa,30000,40000.0,Raichur,First,2024-10-15
2022,Yezdi,Roadster,200000,5000.0,Pune,First,2024-10-14
2022,Yamaha,MT 15 V2,150000,5000.0,Delhi,First,2024-10-08
2018,Bajaj,Platina 100 Electric Start CBS,39000,30000.0,Chennai,First,2024-10-07
2014,Yamaha,FZS 25,25000,20000.0,Delhi,Second,2024-10-07
2022,PURE,EV Epluto 7G,60000,10000.0,Mumbai,First,2024-10-03
2020,Royal,Enfield Classic 350 Dark Series With Dual-Channel,170000,30000.0,Ghaziabad,Third,2024-10-03
2021,Honda,CB350RS Mono Tone,180000,5000.0,Chennai,First,2024-10-03
2022,KTM,390 Adventure,280000,20000.0,Hyderabad,Second,2024-10-02
2023,Kawasaki,Ninja 300,365000,1125.0,Mumbai,First,2024-10-02
2021,Jawa,Perak,150000,10000.0,Guwahati,First,2024-09-24
2018,TVS,Apache RTR 160 4V Drum (2019),75000,12500.0,Silchar,First,2024-09-24
2021,Bajaj,Avenger Street 160,72000,28000.0,Kolkata,First,2024-09-24
2024,Bajaj,Pulsar NS200 ABS,170000,5000.0,Delhi,First,2024-08-24
2022,Hero,Splendor Plus XTEC,55000,26758.0,Ghaziabad,First,2024-08-24
2024,TVS,NTORQ 125 Race Edition,100000,5000.0,Delhi,First,2024-07-31
2019,Harley,-Davidson Street 750 BS6,350000,10000.0,Pune,First,2024-07-31
2021,Yamaha,Fascino 125 Hybrid Disc,50000,50000.0,Delhi,First,2024-07-31
2020,Jawa,Dual Channel – Maroon,130000,50000.0,Hyderabad,First,2024-07-31
2021,Jawa,Perak,210000,15000.0,Jaipur,First,2024-07-31
2021,Hero,Splendor Plus Self with Alloy Wheel and i3S,70000,30000.0,Delhi,First,2024-07-31
2019,Yamaha,YZF R15 V3 Moto GP Edition STD,100000,25000.0,Mumbai,Second,2024-07-31
2021,Jawa,Perak,150000,10000.0,Guwahati,First,2024-09-24
2018,TVS,Apache RTR 160 4V Drum (2019),75000,12500.0,Silchar,First,2024-09-24
2021,Bajaj,Avenger Street 160,72000,28000.0,Kolkata,First,2024-09-24
2024,Bajaj,Pulsar NS200 ABS,170000,5000.0,Delhi,First,2024-08-24
2022,Hero,Splendor Plus XTEC,55000,26758.0,Ghaziabad,First,2024-08-24
2024,TVS,NTORQ 125 Race Edition,100000,5000.0,Delhi,First,2024-07-31
2019,Harley,-Davidson Street 750 BS6,350000,10000.0,Pune,First,2024-07-31
2021,Yamaha,Fascino 125 Hybrid Disc,50000,50000.0,Delhi,First,2024-07-31
2020,Jawa,Dual Channel – Maroon,130000,50000.0,Hyderabad,First,2024-07-31
2021,Jawa,Perak,210000,15000.0,Jaipur,First,2024-07-31
2021,Hero,Splendor Plus Self with Alloy Wheel and i3S,70000,30000.0,Delhi,First,2024-07-31
2019,Yamaha,YZF R15 V3 Moto GP Edition STD,100000,25000.0,Mumbai,Second,2024-07-31
2022,Royal,Enfield Meteor 350 Stellar,200000,4000.0,Burdwan,First,2024-07-31
2022,Suzuki,Gixxer SF MotoGP BS6,75000,25000.0,Noida,First,2024-05-09
2022,Bajaj,Pulsar N250,130000,5000.0,Delhi,First,2024-05-09
2018,Bajaj,Dominar 400 (2016-2018) ABS,150000,10000.0,Bangalore,First,2024-05-09
2021,Jawa,Perak,190000,10000.0,Hyderabad,First,2024-05-09
2017,Hero,Glamour Fuel injection BS4,42000,47000.0,Baleshwar,First,2024-05-09
2016,Royal,Enfield Bullet 350 X Kick Start,85000,30000.0,Ranchi,First,2024-05-09
2021,Jawa,Forty Two Dual Channel – Comet Red,125000,5000.0,Pune,First,2024-04-30
2024,Bajaj,Pulsar NS200 ABS,170000,5000.0,Delhi,First,2024-04-16
2018,Bajaj,Avenger Cruise 220 BS6,57000,50000.0,Delhi,First,2024-04-15
2016,Hero,Ignitor 125 Drum,25000,90000.0,Guwahati,Third,2024-04-12
2016,Mahindra,Mojo 300 BS4,85000,30000.0,Nagpur,Second,2024-04-10
2022,Royal,Enfield Meteor 350 Stellar,200000,4000.0,Burdwan,First,2024-07-31
2022,Suzuki,Gixxer SF MotoGP BS6,75000,25000.0,Noida,First,2024-05-09
2022,Bajaj,Pulsar N250,130000,5000.0,Delhi,First,2024-05-09
2018,Bajaj,Dominar 400 (2016-2018) ABS,150000,10000.0,Bangalore,First,2024-05-09
2021,Jawa,Perak,190000,10000.0,Hyderabad,First,2024-05-09
2017,Hero,Glamour Fuel injection BS4,42000,47000.0,Baleshwar,First,2024-05-09
2016,Royal,Enfield Bullet 350 X Kick Start,85000,30000.0,Ranchi,First,2024-05-09
2021,Jawa,Forty Two Dual Channel – Comet Red,125000,5000.0,Pune,First,2024-04-30
2024,Bajaj,Pulsar NS200 ABS,170000,5000.0,Delhi,First,2024-04-16
2018,Bajaj,Avenger Cruise 220 BS6,57000,50000.0,Delhi,First,2024-04-15
2016,Hero,Ignitor 125 Drum,25000,90000.0,Guwahati,Third,2024-04-12
2016,Mahindra,Mojo 300 BS4,85000,30000.0,Nagpur,Second,2024-04-10
2023,Hero,Splendor Plus i3s,850000,90000.0,Bangalore,First,2024-04-09
2018,Royal,Enfield Thunderbird 350X STD,125000,25000.0,Pune,First,2024-04-08
2022,TVS,Apache RR 310 ABS,255000,5000.0,Hyderabad,First,2024-04-08
2018,Yamaha,R15S ABS,80000,50000.0,Bangalore,First,2024-04-05
2021,Suzuki,Burgman Street EX,70000,20000.0,Kolkata,First,2024-04-05
2016,Bajaj,Pulsar RS200 ABS,100000,20000.0,Bangalore,First,2024-04-04
2019,Royal,Enfield Thunderbird 350X ABS,140000,15000.0,Aurangabad,First,2024-04-04
2017,Honda,CB Hornet 160R BS4 CBS,50000,50000.0,Gurgaon,First,2024-04-04
2021,Bajaj,Dominar 250,175000,15000.0,Mumbai,Second,2024-04-03
2023,Royal,Enfield Bullet 350 Electric Start BS4,180000,3500.0,Ghaziabad,First,2024-04-01
2015,Bajaj,Pulsar 150 STD,40000,60000.0,Gurgaon,First,2024-03-29
2018,Royal,Enfield Classic 500 Stealth Black,160000,20000.0,Patna,First,2024-03-29
2023,Hero,Splendor Plus i3s,850000,90000.0,Bangalore,First,2024-04-09
2018,Royal,Enfield Thunderbird 350X STD,125000,25000.0,Pune,First,2024-04-08
2022,TVS,Apache RR 310 ABS,255000,5000.0,Hyderabad,First,2024-04-08
2018,Yamaha,R15S ABS,80000,50000.0,Bangalore,First,2024-04-05
2021,Suzuki,Burgman Street EX,70000,20000.0,Kolkata,First,2024-04-05
2016,Bajaj,Pulsar RS200 ABS,100000,20000.0,Bangalore,First,2024-04-04
2019,Royal,Enfield Thunderbird 350X ABS,140000,15000.0,Aurangabad,First,2024-04-04
2017,Honda,CB Hornet 160R BS4 CBS,50000,50000.0,Gurgaon,First,2024-04-04
2021,Bajaj,Dominar 250,175000,15000.0,Mumbai,Second,2024-04-03
2023,Royal,Enfield Bullet 350 Electric Start BS4,180000,3500.0,Ghaziabad,First,2024-04-01
2015,Bajaj,Pulsar 150 STD,40000,60000.0,Gurgaon,First,2024-03-29
2018,Royal,Enfield Classic 500 Stealth Black,160000,20000.0,Patna,First,2024-03-29
2017,Honda,Activa 3G STD,45000,35000.0,Bangalore,Second,2024-03-28
2021,Yamaha,YZF R15 V3 Moto GP Edition STD,160000,4600.0,Delhi,First,2024-03-28
2018,Honda,Dio BS4,40000,25000.0,Chennai,Third,2024-03-27
2018,UM,Motorcycles Renegade Commando Mojave STD,80000,20000.0,Delhi,First,2024-03-27
2020,Honda,Activa 6G Premium Edition,80000,5000.0,Gautam,First,2024-03-27
2019,Benelli,TNT 600i BS4 ABS BS4,470000,20000.0,Delhi,Third,2024-03-27
2019,Yamaha,FZ 25 BS4 STD,120000,10000.0,Indore,Second,2024-03-27
2011,Bajaj,Discover 100 M,20000,100000.0,Dhule,First,2024-03-27
2018,Suzuki,Gixxer (2014-2018) SP,50000,25000.0,Kolkata,First,2024-03-27
2015,Bajaj,Avenger Street 220 BS4 220,35000,70000.0,Surat,First,2024-03-20
2016,Vespa,SXL 150,70000,40000.0,Bangalore,Second,2024-03-19
2021,TVS,NTORQ 125 Super Squad Edition,79000,15000.0,Bangalore,Second,2024-03-19
2017,Honda,Activa 3G STD,45000,35000.0,Bangalore,Second,2024-03-28
2021,Yamaha,YZF R15 V3 Moto GP Edition STD,160000,4600.0,Delhi,First,2024-03-28
2018,Honda,Dio BS4,40000,25000.0,Chennai,Third,2024-03-27
2018,UM,Motorcycles Renegade Commando Mojave STD,80000,20000.0,Delhi,First,2024-03-27
2020,Honda,Activa 6G Premium Edition,80000,5000.0,Gautam,First,2024-03-27
2019,Benelli,TNT 600i BS4 ABS BS4,470000,20000.0,Delhi,Third,2024-03-27
2019,Yamaha,FZ 25 BS4 STD,120000,10000.0,Indore,Second,2024-03-27
2011,Bajaj,Discover 100 M,20000,100000.0,Dhule,First,2024-03-27
2018,Suzuki,Gixxer (2014-2018) SP,50000,25000.0,Kolkata,First,2024-03-27
2015,Bajaj,Avenger Street 220 BS4 220,35000,70000.0,Surat,First,2024-03-20
2016,Vespa,SXL 150,70000,40000.0,Bangalore,Second,2024-03-19
2021,TVS,NTORQ 125 Super Squad Edition,79000,15000.0,Bangalore,Second,2024-03-19
2015,Bajaj,Pulsar 135LS STD,20000,30000.0,Mumbai,First,2024-03-18
2022,Yezdi,Adventure Slick Silver,220000,15000.0,Bangalore,First,2024-03-18
2023,Bajaj,Pulsar P150 Twin Disc,115000,1700.0,Delhi,First,2024-03-15
2022,Bajaj,Pulsar NS 125,88000,6384.0,Kolkata,First,2024-03-13
2016,Bajaj,V15 Power Up STD,20000,10000.0,Delhi,First,2024-03-13
2016,Honda,CB Hornet 160R BS4 STD ABS,55000,40000.0,Bangalore,First,2024-03-13
2018,Bajaj,Dominar 400 (2016-2018) ABS,110000,30000.0,Ahmedabad,First,2024-03-12
2017,Yamaha,FZ S FI (V 2.0) Dual Disc,65000,40000.0,Bangalore,First,2024-03-12
2015,KTM,200 Duke 2013 – 2016,85000,25000.0,Pune,First,2024-03-12
2022,Hero,XPulse 200 4V,130000,2800.0,Delhi,First,2024-03-12
2011,Yamaha,FZ 16 STD,20000,50000.0,Delhi,First,2024-03-07
2015,Ducati,Monster 795 STD,685000,19200.0,Delhi,Second,2024-03-07
2015,Bajaj,Pulsar 135LS STD,20000,30000.0,Mumbai,First,2024-03-18
2022,Yezdi,Adventure Slick Silver,220000,15000.0,Bangalore,First,2024-03-18
2023,Bajaj,Pulsar P150 Twin Disc,115000,1700.0,Delhi,First,2024-03-15
2022,Bajaj,Pulsar NS 125,88000,6384.0,Kolkata,First,2024-03-13
2016,Bajaj,V15 Power Up STD,20000,10000.0,Delhi,First,2024-03-13
2016,Honda,CB Hornet 160R BS4 STD ABS,55000,40000.0,Bangalore,First,2024-03-13
2018,Bajaj,Dominar 400 (2016-2018) ABS,110000,30000.0,Ahmedabad,First,2024-03-12
2017,Yamaha,FZ S FI (V 2.0) Dual Disc,65000,40000.0,Bangalore,First,2024-03-12
2015,KTM,200 Duke 2013 – 2016,85000,25000.0,Pune,First,2024-03-12
2022,Hero,XPulse 200 4V,130000,2800.0,Delhi,First,2024-03-12
2011,Yamaha,FZ 16 STD,20000,50000.0,Delhi,First,2024-03-07
2015,Ducati,Monster 795 STD,685000,19200.0,Delhi,Second,2024-03-07
2022,Honda,Dio Sports STD,85000,3400.0,Tinsukia,First,2024-03-07
2017,Royal,Enfield Classic 350 (2012-2021) ABS BS4,128000,15000.0,Mumbai,First,2024-03-05
2013,Royal,Enfield Bullet Electra std,90000,20000.0,Gurgaon,Second,2024-03-05
2023,TVS,Sport Self Start Alloy Wheel New,66000,5000.0,Mumbai,First,2024-03-05
2021,Bajaj,Avenger Cruise 220 BS6,96000,5405.0,Kolkata,First,2024-03-05
2023,Odysse,Electric Hawk,70000,15000.0,Bangalore,First,2024-03-05
2022,Revolt,RV400,110000,4500.0,Pune,First,2024-03-01
2018,Bajaj,V15 Power Up STD,32000,20000.0,Delhi,Second,2024-02-29
2020,Suzuki,Gixxer,99000,20000.0,Mumbai,First,2024-02-29
2018,Hero,Maestro Edge 125 Disc Prismatic Connected,30000,30000.0,Cuttack,First,2024-02-28
2021,TVS,Raider SmartXonnect,60000,40000.0,Delhi,First,2024-02-28
2018,Aprilia,SR 150 ABS,40000,30000.0,Pune,Second,2024-02-27
2022,Honda,Dio Sports STD,85000,3400.0,Tinsukia,First,2024-03-07
2017,Royal,Enfield Classic 350 (2012-2021) ABS BS4,128000,15000.0,Mumbai,First,2024-03-05
2013,Royal,Enfield Bullet Electra std,90000,20000.0,Gurgaon,Second,2024-03-05
2023,TVS,Sport Self Start Alloy Wheel New,66000,5000.0,Mumbai,First,2024-03-05
2021,Bajaj,Avenger Cruise 220 BS6,96000,5405.0,Kolkata,First,2024-03-05
2023,Odysse,Electric Hawk,70000,15000.0,Bangalore,First,2024-03-05
2022,Revolt,RV400,110000,4500.0,Pune,First,2024-03-01
2018,Bajaj,V15 Power Up STD,32000,20000.0,Delhi,Second,2024-02-29
2020,Suzuki,Gixxer,99000,20000.0,Mumbai,First,2024-02-29
2018,Hero,Maestro Edge 125 Disc Prismatic Connected,30000,30000.0,Cuttack,First,2024-02-28
2021,TVS,Raider SmartXonnect,60000,40000.0,Delhi,First,2024-02-28
2018,Aprilia,SR 150 ABS,40000,30000.0,Pune,Second,2024-02-27
2022,Yamaha,Fascino 125 Fi Hybrid,79000,26500.0,Hyderabad,First,2024-02-27
2011,Bajaj,Pulsar 200 STD,40000,15000.0,Chennai,First,2024-02-27
2018,Bajaj,Pulsar 150 Single Disc BS6,54980,20000.0,Pune,First,2024-02-28
2019,KTM,390 Duke BS4,180000,40000.0,Varanasi,Second,2024-02-24
2012,Bajaj,Platina 100 Kick Start CBS,20000,60000.0,Ghaziabad,First,2024-02-23
2011,Yamaha,YZF R15 Version 2.0,50000,30000.0,Indore,Above,2024-02-21
2014,Yamaha,FZ 16 STD,35000,50000.0,Bangalore,First,2024-02-20
2022,Hero,Passion XTEC,68000,7400.0,Hyderabad,First,2024-02-19
2020,Suzuki,Access 125 Drum Brake CBS Special Edition,32000,40000.0,Kolkata,First,2024-02-19
2023,Royal,Enfield Classic 350 Dark Series With Dual-Channel,230000,7500.0,Hyderabad,First,2024-02-19
2012,Hero,Xtreme Disc,20000,25000.0,Delhi,First,2024-02-19
2022,Hero,Super Splendor i3s Drum Alloy,75000,10000.0,Muzaffarnagar,First,2024-02-19
2022,Yamaha,Fascino 125 Fi Hybrid,79000,26500.0,Hyderabad,First,2024-02-27
2011,Bajaj,Pulsar 200 STD,40000,15000.0,Chennai,First,2024-02-27
2018,Bajaj,Pulsar 150 Single Disc BS6,54980,20000.0,Pune,First,2024-02-28
2019,KTM,390 Duke BS4,180000,40000.0,Varanasi,Second,2024-02-24
2012,Bajaj,Platina 100 Kick Start CBS,20000,60000.0,Ghaziabad,First,2024-02-23
2011,Yamaha,YZF R15 Version 2.0,50000,30000.0,Indore,Above,2024-02-21
2014,Yamaha,FZ 16 STD,35000,50000.0,Bangalore,First,2024-02-20
2022,Hero,Passion XTEC,68000,7400.0,Hyderabad,First,2024-02-19
2020,Suzuki,Access 125 Drum Brake CBS Special Edition,32000,40000.0,Kolkata,First,2024-02-19
2023,Royal,Enfield Classic 350 Dark Series With Dual-Channel,230000,7500.0,Hyderabad,First,2024-02-19
2012,Hero,Xtreme Disc,20000,25000.0,Delhi,First,2024-02-19
2022,Hero,Super Splendor i3s Drum Alloy,75000,10000.0,Muzaffarnagar,First,2024-02-19
2018,KTM,390 Duke BS6,165000,10000.0,Gurugram,First,2024-02-18
2022,KTM,250 Duke STD,239000,5000.0,Kolkata,First,2024-02-18
2022,TVS,Scooty Pep Plus Glossy,55000,20000.0,Mumbai,First,2024-02-16
2021,Suzuki,Gixxer SF MotoGP BS6,150000,25000.0,Chennai,First,2024-02-16
2017,Yamaha,FZ S FI (V 2.0) STD,35000,110000.0,Hyderabad,First,2024-02-16
2014,TVS,Apache RTR 180,40000,50000.0,Ghaziabad,First,2024-02-16
2021,TVS,Apache RTR 200 4V Dual Channel ABS,120000,10000.0,Delhi,First,2024-02-15
2018,TVS,Apache RTR 160 4V Carburetor Single Disc (2018),55000,100000.0,Delhi,First,2024-02-14
2020,Royal,Enfield Interceptor 650 Black Ray,225000,10000.0,Delhi,First,2024-02-14
2018,Bajaj,CT100 Spoke BS4,27000,20000.0,Noida,First,2024-02-14
2016,Royal,Enfield Thunderbird 350 ABS,100000,35000.0,Mumbai,First,2024-02-14
2018,TVS,Jupiter Classic BS4,28000,30000.0,Gurgaon,Second,2024-02-14
2018,KTM,390 Duke BS6,165000,10000.0,Gurugram,First,2024-02-18
2022,KTM,250 Duke STD,239000,5000.0,Kolkata,First,2024-02-18
2022,TVS,Scooty Pep Plus Glossy,55000,20000.0,Mumbai,First,2024-02-16
2021,Suzuki,Gixxer SF MotoGP BS6,150000,25000.0,Chennai,First,2024-02-16
2017,Yamaha,FZ S FI (V 2.0) STD,35000,110000.0,Hyderabad,First,2024-02-16
2014,TVS,Apache RTR 180,40000,50000.0,Ghaziabad,First,2024-02-16
2021,TVS,Apache RTR 200 4V Dual Channel ABS,120000,10000.0,Delhi,First,2024-02-15
2018,TVS,Apache RTR 160 4V Carburetor Single Disc (2018),55000,100000.0,Delhi,First,2024-02-14
2020,Royal,Enfield Interceptor 650 Black Ray,225000,10000.0,Delhi,First,2024-02-14
2018,Bajaj,CT100 Spoke BS4,27000,20000.0,Noida,First,2024-02-14
2016,Royal,Enfield Thunderbird 350 ABS,100000,35000.0,Mumbai,First,2024-02-14
2018,TVS,Jupiter Classic BS4,28000,30000.0,Gurgaon,Second,2024-02-14
2012,TVS,Apache RTR 160 Disc,25000,50000.0,Bangalore,First,2024-02-14
2013,Hero,Pleasure Alloy Wheel,24000,5000.0,Agartala,First,2024-02-13
2023,Bajaj,CT 125X,80000,5000.0,Delhi,First,2024-02-12
2020,Benelli,Imperiale 400 Silver,160000,25000.0,Bangalore,First,2024-02-12
2022,Royal,Enfield Hunter 350 Metro,195000,5600.0,Jaipur,First,2024-02-09
2015,TVS,Apache RTR 160 Disc,47000,30000.0,Bangalore,Second,2024-02-08
2021,Bajaj,Pulsar 150 Single Disc BS6,115000,10000.0,Bangalore,First,2024-02-07
2012,Hero,Pleasure Sheet Metal Wheel,38000,14000.0,Bhubaneshwar,First,2024-02-07
2013,Honda,Activa,26000,30000.0,Bangalore,First,2024-02-07
2023,Yezdi,Adventure Mambo Black,200000,15000.0,Noida,First,2024-02-06
2013,Yamaha,YZF R15 Version 2.0,50000,50000.0,Pune,Second,2024-02-06
2023,Honda,CB350RS Mono Tone,192000,4400.0,Noida,First,2024-02-06
2012,TVS,Apache RTR 160 Disc,25000,50000.0,Bangalore,First,2024-02-14
2013,Hero,Pleasure Alloy Wheel,24000,5000.0,Agartala,First,2024-02-13
2023,Bajaj,CT 125X,80000,5000.0,Delhi,First,2024-02-12
2020,Benelli,Imperiale 400 Silver,160000,25000.0,Bangalore,First,2024-02-12
2022,Royal,Enfield Hunter 350 Metro,195000,5600.0,Jaipur,First,2024-02-09
2015,TVS,Apache RTR 160 Disc,47000,30000.0,Bangalore,Second,2024-02-08
2021,Bajaj,Pulsar 150 Single Disc BS6,115000,10000.0,Bangalore,First,2024-02-07
2012,Hero,Pleasure Sheet Metal Wheel,38000,14000.0,Bhubaneshwar,First,2024-02-07
2013,Honda,Activa,26000,30000.0,Bangalore,First,2024-02-07
2023,Yezdi,Adventure Mambo Black,200000,15000.0,Noida,First,2024-02-06
2013,Yamaha,YZF R15 Version 2.0,50000,50000.0,Pune,Second,2024-02-06
2023,Honda,CB350RS Mono Tone,192000,4400.0,Noida,First,2024-02-06
2021,Bajaj,Pulsar NS160 Twin Disc BS6,85000,22300.0,Noida,First,2024-02-06
2019,Suzuki,Intruder 160,90000,20000.0,Lucknow,First,2024-02-05
2021,TVS,NTORQ 125 Disc,55000,15000.0,Delhi,First,2024-02-05
2023,Hero,Passion XTEC,72000,10000.0,New,First,2024-02-05
2021,Benling,India Aura,60000,5000.0,Delhi,First,2024-02-05
2018,Bajaj,Pulsar 220 F,64999,60000.0,Hyderabad,Second,2024-02-04
2016,Hyosung,GV650 Aquila Pro STD,295000,10000.0,Visakhapatnam,First,2024-02-02
2015,Bajaj,Avenger Street 150,40000,35000.0,Mumbai,First,2024-02-02
2020,Bajaj,Avenger Street 160,45000,20000.0,Mumbai,First,2024-02-01
2013,Yamaha,FZS 25,40000,12500.0,Delhi,First,2024-02-01
2017,Bajaj,V15 Power Up STD,32000,40000.0,Chennai,Second,2024-02-01
2018,TVS,NTORQ 125 Disc BS4,50000,37000.0,Hyderabad,First,2024-01-31
2021,Bajaj,Pulsar NS160 Twin Disc BS6,85000,22300.0,Noida,First,2024-02-06
2019,Suzuki,Intruder 160,90000,20000.0,Lucknow,First,2024-02-05
2021,TVS,NTORQ 125 Disc,55000,15000.0,Delhi,First,2024-02-05
2023,Hero,Passion XTEC,72000,10000.0,New,First,2024-02-05
2021,Benling,India Aura,60000,5000.0,Delhi,First,2024-02-05
2018,Bajaj,Pulsar 220 F,64999,60000.0,Hyderabad,Second,2024-02-04
2016,Hyosung,GV650 Aquila Pro STD,295000,10000.0,Visakhapatnam,First,2024-02-02
2015,Bajaj,Avenger Street 150,40000,35000.0,Mumbai,First,2024-02-02
2020,Bajaj,Avenger Street 160,45000,20000.0,Mumbai,First,2024-02-01
2013,Yamaha,FZS 25,40000,12500.0,Delhi,First,2024-02-01
2017,Bajaj,V15 Power Up STD,32000,40000.0,Chennai,Second,2024-02-01
2018,TVS,NTORQ 125 Disc BS4,50000,37000.0,Hyderabad,First,2024-01-31
2017,Bajaj,Avenger Cruise 220 Bajaj Avenger Cruise 220 Desert Gold,65000,22500.0,Pune,First,2024-01-31
2021,Yamaha,YZF R15 V3 Moto GP Edition STD,120000,25000.0,Kolkata,First,2024-01-30
2018,TVS,Scooty Pep Plus pep,28990,10000.0,Meerut,First,2024-01-30
2022,Royal,Enfield Meteor 350 Supernova,180000,10000.0,Burdwan,First,2024-01-30
2019,Hero,Passion Pro BS4 i3s Disc Alloy,40000,15000.0,Mumbai,Second,2024-01-25
2016,TVS,Apache RTR 200 4V Standard BS4,55000,55000.0,Kolkata,First,2024-01-25
2013,KTM,390 Duke (2013-2016) STD,115000,27374.0,Mumbai,First,2024-01-23
2012,Yamaha,FZ 16 STD,41000,33241.0,Delhi,First,2024-01-23
2017,KTM,200 Duke 2013 – 2016,83500,35000.0,Delhi,Second,2024-01-22
2022,Yamaha,YZF R15 Version 2.0,150000,25000.0,Tezpur,First,2024-01-22
2021,Jawa,Forty Two Double Disc,150000,20000.0,Indore,First,2024-01-19
2015,Bajaj,Avenger 220 Street,60000,27000.0,Jalandhar,First,2024-01-17
2017,Bajaj,Avenger Cruise 220 Bajaj Avenger Cruise 220 Desert Gold,65000,22500.0,Pune,First,2024-01-31
2021,Yamaha,YZF R15 V3 Moto GP Edition STD,120000,25000.0,Kolkata,First,2024-01-30
2018,TVS,Scooty Pep Plus pep,28990,10000.0,Meerut,First,2024-01-30
2022,Royal,Enfield Meteor 350 Supernova,180000,10000.0,Burdwan,First,2024-01-30
2019,Hero,Passion Pro BS4 i3s Disc Alloy,40000,15000.0,Mumbai,Second,2024-01-25
2016,TVS,Apache RTR 200 4V Standard BS4,55000,55000.0,Kolkata,First,2024-01-25
2013,KTM,390 Duke (2013-2016) STD,115000,27374.0,Mumbai,First,2024-01-23
2012,Yamaha,FZ 16 STD,41000,33241.0,Delhi,First,2024-01-23
2017,KTM,200 Duke 2013 – 2016,83500,35000.0,Delhi,Second,2024-01-22
2022,Yamaha,YZF R15 Version 2.0,150000,25000.0,Tezpur,First,2024-01-22
2021,Jawa,Forty Two Double Disc,150000,20000.0,Indore,First,2024-01-19
2015,Bajaj,Avenger 220 Street,60000,27000.0,Jalandhar,First,2024-01-17
2020,Jawa,Forty Two Dual Channel – Starlight Blue,120000,15000.0,Pune,First,2024-01-17
2013,Hero,Maestro 110cc,30000,50000.0,Bhopal,Second,2024-01-16
2015,Royal,Enfield Classic 350 Dark Series With Dual-Channel,140000,6000.0,New,First,2024-01-16
2014,Yamaha,FZ-S (V 2.0) STD.,39000,21000.0,Mumbai,First,2024-01-15
2011,Hero,Pleasure Sheet Metal Wheel,28000,25000.0,Pune,Second,2024-01-15
2011,Hero,Honda Splendor Pro,30000,100000.0,Pune,First,2024-01-15
2016,Honda,Aviator Drum Brake,50000,17000.0,Thrissur,First,2024-01-15
2019,Royal,Enfield Interceptor 650 Silver Spectre,250000,10000.0,Kolkata,First,2024-01-15
2018,Harley,-Davidson Street 750 STD,450000,15000.0,Bangalore,Second,2024-01-15
2021,Hero,Splendor Plus Black and Accent,65000,40000.0,Faridabad,First,2024-01-15
2018,Royal,Enfield Classic 350 (2012-2021) ABS BS4,130000,12000.0,Ghaziabad,First,2024-01-15
2017,Suzuki,Gixxer SF (2015-2018),60000,20000.0,Indore,First,2024-01-11
2020,Jawa,Forty Two Dual Channel – Starlight Blue,120000,15000.0,Pune,First,2024-01-17
2013,Hero,Maestro 110cc,30000,50000.0,Bhopal,Second,2024-01-16
2015,Royal,Enfield Classic 350 Dark Series With Dual-Channel,140000,6000.0,New,First,2024-01-16
2014,Yamaha,FZ-S (V 2.0) STD.,39000,21000.0,Mumbai,First,2024-01-15
2011,Hero,Pleasure Sheet Metal Wheel,28000,25000.0,Pune,Second,2024-01-15
2011,Hero,Honda Splendor Pro,30000,100000.0,Pune,First,2024-01-15
2016,Honda,Aviator Drum Brake,50000,17000.0,Thrissur,First,2024-01-15
2019,Royal,Enfield Interceptor 650 Silver Spectre,250000,10000.0,Kolkata,First,2024-01-15
2018,Harley,-Davidson Street 750 STD,450000,15000.0,Bangalore,Second,2024-01-15
2021,Hero,Splendor Plus Black and Accent,65000,40000.0,Faridabad,First,2024-01-15
2018,Royal,Enfield Classic 350 (2012-2021) ABS BS4,130000,12000.0,Ghaziabad,First,2024-01-15
2017,Suzuki,Gixxer SF (2015-2018),60000,20000.0,Indore,First,2024-01-11
2023,Ola,Electric S1 X,130000,10000.0,Mumbai,First,2024-01-11
2021,Hero,Passion Pro i3s Disc Alloy,60000,25000.0,Pune,First,2024-01-10
2022,Honda,SP 125,80000,30000.0,Hyderabad,First,2024-01-10
2022,BGauss,D15 i,90000,5000.0,Chennai,First,2024-01-09
2023,Royal,Enfield Hunter 350 Metro Rebel,190000,1800.0,Hyderabad,First,2024-01-09
2011,Hero,Honda CD Dawn,10000,100000.0,Hyderabad,Second,2024-01-09
2021,Suzuki,Gixxer SF MotoGP BS6,120000,15000.0,Lucknow,First,2024-01-03
2019,Royal,Enfield Interceptor 650 Silver Spectre,180000,10000.0,Noida,First,2024-01-02
2016,Royal,Enfield Thunderbird 350 STD,85000,25000.0,Bangalore,First,2024-01-02
2016,Royal,Enfield Bullet Electra std,100000,50000.0,Delhi,First,2024-01-02
2011,Suzuki,Access 125 Drum Brake CBS Special Edition,18000,200000.0,Lucknow,Third,2024-01-02
2014,Royal,Enfield Classic 350 (2012-2021) ABS BS4,60000,50000.0,Delhi,First,2024-01-02
2023,Ola,Electric S1 X,130000,10000.0,Mumbai,First,2024-01-11
2021,Hero,Passion Pro i3s Disc Alloy,60000,25000.0,Pune,First,2024-01-10
2022,Honda,SP 125,80000,30000.0,Hyderabad,First,2024-01-10
2022,BGauss,D15 i,90000,5000.0,Chennai,First,2024-01-09
2023,Royal,Enfield Hunter 350 Metro Rebel,190000,1800.0,Hyderabad,First,2024-01-09
2011,Hero,Honda CD Dawn,10000,100000.0,Hyderabad,Second,2024-01-09
2021,Suzuki,Gixxer SF MotoGP BS6,120000,15000.0,Lucknow,First,2024-01-03
2019,Royal,Enfield Interceptor 650 Silver Spectre,180000,10000.0,Noida,First,2024-01-02
2016,Royal,Enfield Thunderbird 350 STD,85000,25000.0,Bangalore,First,2024-01-02
2016,Royal,Enfield Bullet Electra std,100000,50000.0,Delhi,First,2024-01-02
2011,Suzuki,Access 125 Drum Brake CBS Special Edition,18000,200000.0,Lucknow,Third,2024-01-02
2014,Royal,Enfield Classic 350 (2012-2021) ABS BS4,60000,50000.0,Delhi,First,2024-01-02
2020,TVS,Apache RTR 160 4V Front And Rear Disc,89999,25000.0,Gurgaon,Second,2023-12-30
2017,Bajaj,Avenger Cruise 220,45000,35000.0,Delhi,Second,2023-12-30
2018,Royal,Enfield Thunderbird 350 STD,110000,6000.0,Mumbai,First,2023-12-30
2023,Husqvarna,Motorcycles Vitpilen 250,250000,2800.0,Hyderabad,First,2023-12-30
2022,TVS,NTORQ 125 Race Edition,68000,30000.0,Delhi,First,2023-12-29
2017,Honda,Activa 4G STD,45000,23000.0,Delhi,First,2023-12-29
2017,TVS,XL100 STD BS4,40000,50000.0,Coimbatore,First,2023-12-29
2017,KTM,250 Duke 2017-2019,150000,50000.0,Pune,First,2023-12-29
2010,Hero,Pleasure Sheet Metal Wheel,30000,50000.0,Solapur,First,2023-12-28
2023,Bajaj,Pulsar NS200 ABS,165000,5000.0,Raichur,First,2023-12-27
2021,Suzuki,Gixxer,99000,5000.0,Mumbai,First,2023-12-26
2010,Bajaj,Pulsar 150(2009-2014) STD,22000,25000.0,Hyderabad,First,2023-12-26
2020,TVS,Apache RTR 160 4V Front And Rear Disc,89999,25000.0,Gurgaon,Second,2023-12-30
2017,Bajaj,Avenger Cruise 220,45000,35000.0,Delhi,Second,2023-12-30
2018,Royal,Enfield Thunderbird 350 STD,110000,6000.0,Mumbai,First,2023-12-30
2023,Husqvarna,Motorcycles Vitpilen 250,250000,2800.0,Hyderabad,First,2023-12-30
2022,TVS,NTORQ 125 Race Edition,68000,30000.0,Delhi,First,2023-12-29
2017,Honda,Activa 4G STD,45000,23000.0,Delhi,First,2023-12-29
2017,TVS,XL100 STD BS4,40000,50000.0,Coimbatore,First,2023-12-29
2017,KTM,250 Duke 2017-2019,150000,50000.0,Pune,First,2023-12-29
2010,Hero,Pleasure Sheet Metal Wheel,30000,50000.0,Solapur,First,2023-12-28
2023,Bajaj,Pulsar NS200 ABS,165000,5000.0,Raichur,First,2023-12-27
2021,Suzuki,Gixxer,99000,5000.0,Mumbai,First,2023-12-26
2010,Bajaj,Pulsar 150(2009-2014) STD,22000,25000.0,Hyderabad,First,2023-12-26
2016,Honda,Activa 3G STD,45000,24425.0,Bangalore,Second,2023-12-25
2020,Hero,Xtreme Disc,79000,15000.0,Ahmedabad,First,2023-12-25
2011,Yamaha,Fazer 153 STD,26000,90000.0,Noida,First,2023-12-25
2017,Bajaj,Pulsar NS160 STD,57000,60000.0,Surat,First,2023-12-21
2018,Royal,Enfield Bullet 350 X Kick Start,135000,18000.0,Rohtak,First,2023-12-21
2023,Hero,Glamour Xtec,92000,1250.0,Panipat,First,2023-12-21
2014,Honda,Aviator Drum Brake,30000,33000.0,Delhi,First,2023-12-21
2023,TVS,Apache RR 310 ABS,280000,3000.0,Aurangabad,First,2023-12-21
2015,Benelli,TNT 600i BS4 Limited Edition,340000,35000.0,Coimbatore,Second,2023-12-21
2021,Suzuki,Gixxer,100000,5000.0,Mumbai,First,2023-12-20
2021,Jawa,Perak,200000,5000.0,Delhi,First,2023-12-18
2019,TVS,Apache RR 310 ABS (BS4),220000,13500.0,Pune,First,2023-12-18
2016,Honda,Activa 3G STD,45000,24425.0,Bangalore,Second,2023-12-25
2020,Hero,Xtreme Disc,79000,15000.0,Ahmedabad,First,2023-12-25
2011,Yamaha,Fazer 153 STD,26000,90000.0,Noida,First,2023-12-25
2017,Bajaj,Pulsar NS160 STD,57000,60000.0,Surat,First,2023-12-21
2018,Royal,Enfield Bullet 350 X Kick Start,135000,18000.0,Rohtak,First,2023-12-21
2023,Hero,Glamour Xtec,92000,1250.0,Panipat,First,2023-12-21
2014,Honda,Aviator Drum Brake,30000,33000.0,Delhi,First,2023-12-21
2023,TVS,Apache RR 310 ABS,280000,3000.0,Aurangabad,First,2023-12-21
2015,Benelli,TNT 600i BS4 Limited Edition,340000,35000.0,Coimbatore,Second,2023-12-21
2021,Suzuki,Gixxer,100000,5000.0,Mumbai,First,2023-12-20
2021,Jawa,Perak,200000,5000.0,Delhi,First,2023-12-18
2019,TVS,Apache RR 310 ABS (BS4),220000,13500.0,Pune,First,2023-12-18
2019,TVS,NTORQ 125 Disc BS4,40000,35000.0,Delhi,First,2023-12-18
2013,Royal,Enfield Thunderbird 350 STD,77000,35000.0,Vasai,First,2023-12-18
2022,BMW,G 310 RR Style Sport,310000,10000.0,Delhi,First,2023-12-13
2014,Honda,CBR 150 R Standard,60000,56000.0,Mumbai,Second,2023-12-13
2022,Jawa,Dual Channel – Black,168000,15000.0,Delhi,First,2023-12-11
2018,Honda,Activa 5G,45000,25000.0,Mumbai,First,2023-12-11
2022,TVS,Jupiter Sheet Metal Wheel,65000,20000.0,Aligarh,First,2023-12-11
2017,Royal,Enfield Classic 350 Redditch Series With Single-Channel,110000,21050.0,Delhi,First,2023-12-08
2020,Royal,Enfield Interceptor 650 Mark Three,250000,10000.0,Thane,First,2023-12-08
2022,Yezdi,Roadster,170000,10000.0,Gurgaon,First,2023-12-06
2013,Hyosung,GT650R,200000,5000.0,Hyderabad,Second,2023-12-06
2021,Honda,Dio BS4,55000,15000.0,Baleshwar,First,2023-12-04
2019,TVS,NTORQ 125 Disc BS4,40000,35000.0,Delhi,First,2023-12-18
2013,Royal,Enfield Thunderbird 350 STD,77000,35000.0,Vasai,First,2023-12-18
2022,BMW,G 310 RR Style Sport,310000,10000.0,Delhi,First,2023-12-13
2014,Honda,CBR 150 R Standard,60000,56000.0,Mumbai,Second,2023-12-13
2022,Jawa,Dual Channel – Black,168000,15000.0,Delhi,First,2023-12-11
2018,Honda,Activa 5G,45000,25000.0,Mumbai,First,2023-12-11
2022,TVS,Jupiter Sheet Metal Wheel,65000,20000.0,Aligarh,First,2023-12-11
2017,Royal,Enfield Classic 350 Redditch Series With Single-Channel,110000,21050.0,Delhi,First,2023-12-08
2020,Royal,Enfield Interceptor 650 Mark Three,250000,10000.0,Thane,First,2023-12-08
2022,Yezdi,Roadster,170000,10000.0,Gurgaon,First,2023-12-06
2013,Hyosung,GT650R,200000,5000.0,Hyderabad,Second,2023-12-06
2021,Honda,Dio BS4,55000,15000.0,Baleshwar,First,2023-12-04
2014,Honda,CB Unicorn 150 Disc,45000,35000.0,Mumbai,First,2023-12-01
2012,Honda,Activa 2009-2014,25000,40000.0,Sikar,Second,2023-12-01
2014,Kawasaki,Ninja 650,230000,30000.0,Kolkata,Second,2023-11-30
2018,Suzuki,Intruder 160,80000,15000.0,Ajmer,Second,2023-11-30
2023,Hero,Splendor Plus XTEC,75000,5000.0,Bhubaneshwar,First,2023-11-30
2022,Royal,Enfield Himalayan Gravel Grey,200000,6000.0,Chennai,First,2023-11-28
2018,Honda,Grazia Sports Edition,55000,40000.0,Bhubaneshwar,First,2023-11-27
2017,Bajaj,Pulsar 200 STD,96870,11500.0,Valsad,First,2023-11-27
2014,Hero,Maestro 110cc,35000,40000.0,Lucknow,First,2023-11-25
2016,Yamaha,FZ S FI (V 2.0) STD,58000,25000.0,Noida,First,2023-11-24
2015,Mahindra,Gusto VX CBS,20000,25000.0,Pune,First,2023-11-24
2017,Bajaj,Avenger Street 150,40000,20000.0,Noida,First,2023-11-24
2014,Honda,CB Unicorn 150 Disc,45000,35000.0,Mumbai,First,2023-12-01
2012,Honda,Activa 2009-2014,25000,40000.0,Sikar,Second,2023-12-01
2014,Kawasaki,Ninja 650,230000,30000.0,Kolkata,Second,2023-11-30
2018,Suzuki,Intruder 160,80000,15000.0,Ajmer,Second,2023-11-30
2023,Hero,Splendor Plus XTEC,75000,5000.0,Bhubaneshwar,First,2023-11-30
2022,Royal,Enfield Himalayan Gravel Grey,200000,6000.0,Chennai,First,2023-11-28
2018,Honda,Grazia Sports Edition,55000,40000.0,Bhubaneshwar,First,2023-11-27
2017,Bajaj,Pulsar 200 STD,96870,11500.0,Valsad,First,2023-11-27
2014,Hero,Maestro 110cc,35000,40000.0,Lucknow,First,2023-11-25
2016,Yamaha,FZ S FI (V 2.0) STD,58000,25000.0,Noida,First,2023-11-24
2015,Mahindra,Gusto VX CBS,20000,25000.0,Pune,First,2023-11-24
2017,Bajaj,Avenger Street 150,40000,20000.0,Noida,First,2023-11-24
2014,Hero,Karizma 223cc,32000,20000.0,Bangalore,First,2023-11-23
2021,Royal,Enfield Meteor 350 Stellar,180000,15000.0,Delhi,First,2023-11-22
2021,Honda,CD 110 Dream DLX New,57000,40000.0,Hyderabad,First,2023-11-22
2018,Bajaj,Avenger Cruise 220 BS6,80000,23000.0,Delhi,First,2023-11-21
2014,Honda,CB Trigger 150,20000,80000.0,Lucknow,First,2023-11-21
2021,TVS,Apache RTR 160 4V Front And Rear Disc,90000,18000.0,Bharhut,First,2023-11-21
2021,Suzuki,Burgman Street EX,100000,1600.0,Mumbai,First,2023-11-20
2019,Honda,Activa 5G STD,60000,25000.0,Pune,Second,2023-11-18
2017,Vespa,SXL 150,60000,20000.0,Pune,First,2023-11-18
2020,Yamaha,Fascino 125 Hybrid DLX Drum,45000,40000.0,Kolkata,First,2023-11-18
2020,Royal,Enfield Bullet 350 X Kick Start,155000,20000.0,Muzaffarnagar,First,2023-11-18
2018,Royal,Enfield Bullet Electra std,125000,3341.0,Agra,First,2023-11-16
2014,Hero,Karizma 223cc,32000,20000.0,Bangalore,First,2023-11-23
2021,Royal,Enfield Meteor 350 Stellar,180000,15000.0,Delhi,First,2023-11-22
2021,Honda,CD 110 Dream DLX New,57000,40000.0,Hyderabad,First,2023-11-22
2018,Bajaj,Avenger Cruise 220 BS6,80000,23000.0,Delhi,First,2023-11-21
2014,Honda,CB Trigger 150,20000,80000.0,Lucknow,First,2023-11-21
2021,TVS,Apache RTR 160 4V Front And Rear Disc,90000,18000.0,Bharhut,First,2023-11-21
2021,Suzuki,Burgman Street EX,100000,1600.0,Mumbai,First,2023-11-20
2019,Honda,Activa 5G STD,60000,25000.0,Pune,Second,2023-11-18
2017,Vespa,SXL 150,60000,20000.0,Pune,First,2023-11-18
2020,Yamaha,Fascino 125 Hybrid DLX Drum,45000,40000.0,Kolkata,First,2023-11-18
2020,Royal,Enfield Bullet 350 X Kick Start,155000,20000.0,Muzaffarnagar,First,2023-11-18
2018,Royal,Enfield Bullet Electra std,125000,3341.0,Agra,First,2023-11-16
2012,TVS,Wego,25000,50000.0,Delhi,First,2023-11-15
2022,Royal,Enfield Meteor 350 Fireball,220000,8794.0,Ahmedabad,First,2023-11-15
2022,Revolt,RV400,105000,20000.0,Pune,First,2023-11-15
2011,Hero,Karizma R,22000,25000.0,Kurnool,Second,2023-11-15
2022,Yezdi,Roadster,180000,10000.0,Sonipat,Second,2023-11-15
2021,Yamaha,YZF R15 V3 Moto GP Edition STD,155000,3100.0,Delhi,First,2023-11-15
2018,TVS,NTORQ 125 Race Edition,45000,50000.0,Kota,First,2023-11-15
2022,TVS,Ronin Triple Tone – Dual Channel – Galactic Grey,150000,4600.0,Mumbai,First,2023-11-15
2015,Royal,Enfield Bullet Electra std,100000,70000.0,Delhi,First,2023-11-10
2018,KTM,200 Duke STD 2018 – 2020,145000,10000.0,Delhi,First,2023-11-10
2016,Suzuki,Gixxer SF (2015-2018),48000,70000.0,Bangalore,First,2023-11-09
2022,TVS,Raider SmartXonnect,88000,5000.0,Delhi,First,2023-11-09
2012,TVS,Wego,25000,50000.0,Delhi,First,2023-11-15
2022,Royal,Enfield Meteor 350 Fireball,220000,8794.0,Ahmedabad,First,2023-11-15
2022,Revolt,RV400,105000,20000.0,Pune,First,2023-11-15
2011,Hero,Karizma R,22000,25000.0,Kurnool,Second,2023-11-15
2022,Yezdi,Roadster,180000,10000.0,Sonipat,Second,2023-11-15
2021,Yamaha,YZF R15 V3 Moto GP Edition STD,155000,3100.0,Delhi,First,2023-11-15
2018,TVS,NTORQ 125 Race Edition,45000,50000.0,Kota,First,2023-11-15
2022,TVS,Ronin Triple Tone – Dual Channel – Galactic Grey,150000,4600.0,Mumbai,First,2023-11-15
2015,Royal,Enfield Bullet Electra std,100000,70000.0,Delhi,First,2023-11-10
2018,KTM,200 Duke STD 2018 – 2020,145000,10000.0,Delhi,First,2023-11-10
2016,Suzuki,Gixxer SF (2015-2018),48000,70000.0,Bangalore,First,2023-11-09
2022,TVS,Raider SmartXonnect,88000,5000.0,Delhi,First,2023-11-09
2015,Honda,Activa 3G STD,45000,32710.0,Mumbai,First,2023-11-08
2018,Royal,Enfield Classic 350 Chrome Series With Dual-Channel,160000,20000.0,Bangalore,First,2023-11-08
2010,TVS,Apache 2007-2011,25000,80000.0,Rajkot,Second,2023-11-07
2018,Hero,Glamour Disc,45000,20000.0,Kaithal,First,2023-11-07
2020,Yamaha,FZ-FI Version 3.0,93000,25000.0,Bangalore,First,2023-11-07
2020,Suzuki,Gixxer SF 250 BS4,124900,15000.0,Delhi,Second,2023-11-07
2023,Hero,Super Splendor XTEC,90000,1000.0,Cuttack,First,2023-11-07
2021,Jawa,Perak,170000,7200.0,Jodhpur,First,2023-11-03
2020,Yamaha,YZF R15 Movistar STD,140000,30000.0,Bangalore,First,2023-11-03
2022,Revolt,RV400,120000,273.0,Pune,First,2023-11-03
2011,Suzuki,Access 125 BS4,16000,30000.0,Faridabad,First,2023-11-03
2018,Bajaj,V15 Power Up STD,42000,10000.0,Hisar,Third,2023-11-02
2015,Honda,Activa 3G STD,45000,32710.0,Mumbai,First,2023-11-08
2018,Royal,Enfield Classic 350 Chrome Series With Dual-Channel,160000,20000.0,Bangalore,First,2023-11-08
2010,TVS,Apache 2007-2011,25000,80000.0,Rajkot,Second,2023-11-07
2018,Hero,Glamour Disc,45000,20000.0,Kaithal,First,2023-11-07
2020,Yamaha,FZ-FI Version 3.0,93000,25000.0,Bangalore,First,2023-11-07
2020,Suzuki,Gixxer SF 250 BS4,124900,15000.0,Delhi,Second,2023-11-07
2023,Hero,Super Splendor XTEC,90000,1000.0,Cuttack,First,2023-11-07
2021,Jawa,Perak,170000,7200.0,Jodhpur,First,2023-11-03
2020,Yamaha,YZF R15 Movistar STD,140000,30000.0,Bangalore,First,2023-11-03
2022,Revolt,RV400,120000,273.0,Pune,First,2023-11-03
2011,Suzuki,Access 125 BS4,16000,30000.0,Faridabad,First,2023-11-03
2018,Bajaj,V15 Power Up STD,42000,10000.0,Hisar,Third,2023-11-02
2021,Honda,H’ness CB350 DLX Pro,190000,5000.0,Hyderabad,First,2023-11-02
2015,KTM,RC 390,120000,20000.0,Hyderabad,First,2023-11-01
2010,Honda,Shine Celebration Edition Disc,20000,18845.0,Mumbai,First,2023-10-31
2017,UM,Motorcycles Renegade Commando Carb,55000,25000.0,Bangalore,Second,2023-10-31
2021,Bajaj,Avenger Cruise 220 BS6,135000,5000.0,Delhi,First,2023-10-31
2018,Mahindra,MOJO XT 300 ABS,140000,25000.0,Ahmedabad,First,2023-10-31
2021,Suzuki,Gixxer,90000,3900.0,Delhi,Second,2023-10-31
2021,Bajaj,Avenger Street 160,80000,30000.0,Cuttack,First,2023-10-31
2014,Bajaj,Pulsar 220 F,35000,35000.0,Delhi,First,2023-10-31
2022,Bajaj,Pulsar 125 Carbon Fiber Single Seat,82000,5000.0,Bhopal,First,2023-10-31
2022,TVS,Apache RR 310 ABS,270000,5000.0,Gwalior,First,2023-10-30
2014,Honda,CB Shine SP Drum Brake,30000,67500.0,Asansol,First,2023-10-30
2021,Honda,H’ness CB350 DLX Pro,190000,5000.0,Hyderabad,First,2023-11-02
2015,KTM,RC 390,120000,20000.0,Hyderabad,First,2023-11-01
2010,Honda,Shine Celebration Edition Disc,20000,18845.0,Mumbai,First,2023-10-31
2017,UM,Motorcycles Renegade Commando Carb,55000,25000.0,Bangalore,Second,2023-10-31
2021,Bajaj,Avenger Cruise 220 BS6,135000,5000.0,Delhi,First,2023-10-31
2018,Mahindra,MOJO XT 300 ABS,140000,25000.0,Ahmedabad,First,2023-10-31
2021,Suzuki,Gixxer,90000,3900.0,Delhi,Second,2023-10-31
2021,Bajaj,Avenger Street 160,80000,30000.0,Cuttack,First,2023-10-31
2014,Bajaj,Pulsar 220 F,35000,35000.0,Delhi,First,2023-10-31
2022,Bajaj,Pulsar 125 Carbon Fiber Single Seat,82000,5000.0,Bhopal,First,2023-10-31
2022,TVS,Apache RR 310 ABS,270000,5000.0,Gwalior,First,2023-10-30
2014,Honda,CB Shine SP Drum Brake,30000,67500.0,Asansol,First,2023-10-30
2022,Yezdi,Roadster,150000,5000.0,Mumbai,First,2023-10-30
2015,KTM,390 Duke (2013-2016) STD,125000,16000.0,Mumbai,First,2023-10-30
2012,Bajaj,Avenger 220 STD,35000,100000.0,Bangalore,First,2023-10-30
2014,Honda,Activa,25000,40000.0,Delhi,Second,2023-10-28
2021,Bajaj,Pulsar NS 125,85000,32000.0,Delhi,First,2023-10-28
2019,KTM,RC 125 (2019-2021),130000,10000.0,Delhi,First,2023-10-27
2022,Vespa,ZX 125,110000,700.0,Delhi,First,2023-10-27
2018,Vespa,VXL 150 ABS,65000,10000.0,Ahmedabad,First,2023-10-27
2020,Bajaj,Pulsar 150 Twin Disc ABS,85000,30000.0,Vijayawada,First,2023-10-26
2018,TVS,NTORQ 125 Disc,50000,25000.0,Pune,Second,2023-10-26
2018,Bajaj,Dominar 400 BS4,120000,11500.0,Mumbai,First,2023-10-25
2023,TVS,Jupiter STD,90000,3000.0,Pune,First,2023-10-25
2022,Yezdi,Roadster,150000,5000.0,Mumbai,First,2023-10-30
2015,KTM,390 Duke (2013-2016) STD,125000,16000.0,Mumbai,First,2023-10-30
2012,Bajaj,Avenger 220 STD,35000,100000.0,Bangalore,First,2023-10-30
2014,Honda,Activa,25000,40000.0,Delhi,Second,2023-10-28
2021,Bajaj,Pulsar NS 125,85000,32000.0,Delhi,First,2023-10-28
2019,KTM,RC 125 (2019-2021),130000,10000.0,Delhi,First,2023-10-27
2022,Vespa,ZX 125,110000,700.0,Delhi,First,2023-10-27
2018,Vespa,VXL 150 ABS,65000,10000.0,Ahmedabad,First,2023-10-27
2020,Bajaj,Pulsar 150 Twin Disc ABS,85000,30000.0,Vijayawada,First,2023-10-26
2018,TVS,NTORQ 125 Disc,50000,25000.0,Pune,Second,2023-10-26
2018,Bajaj,Dominar 400 BS4,120000,11500.0,Mumbai,First,2023-10-25
2023,TVS,Jupiter STD,90000,3000.0,Pune,First,2023-10-25
2015,Suzuki,Gixxer,45000,37600.0,Kolkata,First,2023-10-25
2020,Honda,Hornet 2.0,110000,30000.0,Bangalore,First,2023-10-27
2018,Royal,Enfield Thunderbird 350X STD,97500,10000.0,Faridabad,First,2023-10-25
2019,Bajaj,Pulsar 150 Twin Disc ABS,45000,50000.0,Indore,First,2023-10-25
2016,Honda,CB Hornet 160R BS4 STD ABS,55000,30000.0,Hyderabad,First,2023-10-25
2019,Honda,Activa 5G,65000,5000.0,Bangalore,Second,2023-10-25
2018,Hero,Duet LX,40000,15000.0,New,First,2023-10-25
2021,Royal,Enfield Bullet 350 X Kick Start,140000,10000.0,Shillong,First,2023-10-25
2018,Royal,Enfield Bullet 350 X Kick Start,125000,10000.0,Delhi,First,2023-10-23
2023,Bajaj,Pulsar NS 125,100000,2800.0,Kalyan,First,2023-10-23
2010,TVS,Apache RTR 160 Disc,20000,15000.0,Noida,Third,2023-10-23
2014,Royal,Enfield Classic 350 (2012-2021) ABS BS4,110000,10000.0,Mangaluru,First,2023-10-23
2015,Suzuki,Gixxer,45000,37600.0,Kolkata,First,2023-10-25
2020,Honda,Hornet 2.0,110000,30000.0,Bangalore,First,2023-10-27
2018,Royal,Enfield Thunderbird 350X STD,97500,10000.0,Faridabad,First,2023-10-25
2019,Bajaj,Pulsar 150 Twin Disc ABS,45000,50000.0,Indore,First,2023-10-25
2016,Honda,CB Hornet 160R BS4 STD ABS,55000,30000.0,Hyderabad,First,2023-10-25
2019,Honda,Activa 5G,65000,5000.0,Bangalore,Second,2023-10-25
2018,Hero,Duet LX,40000,15000.0,New,First,2023-10-25
2021,Royal,Enfield Bullet 350 X Kick Start,140000,10000.0,Shillong,First,2023-10-25
2018,Royal,Enfield Bullet 350 X Kick Start,125000,10000.0,Delhi,First,2023-10-23
2023,Bajaj,Pulsar NS 125,100000,2800.0,Kalyan,First,2023-10-23
2010,TVS,Apache RTR 160 Disc,20000,15000.0,Noida,Third,2023-10-23
2014,Royal,Enfield Classic 350 (2012-2021) ABS BS4,110000,10000.0,Mangaluru,First,2023-10-23
2014,Vespa,LX 125 STD,35000,30000.0,Delhi,First,2023-10-23
2016,Honda,Activa 3G STD,50000,35000.0,Surat,First,2023-10-23
2012,Bajaj,Pulsar 150(2009-2014) STD,25000,100000.0,Noida,First,2023-10-23
2021,TVS,iQube Electric S,95000,3400.0,Delhi,First,2023-10-23
2019,Royal,Enfield Interceptor 650 Orange Crush,275000,10000.0,Vasai,First,2023-10-23
2021,Royal,Enfield Classic 350 (2012-2021) Pure Black BS6 January 2021,165000,10000.0,Kolkata,First,2023-10-23
2014,Bajaj,Discover 125,22000,68000.0,Agra,First,2023-10-23
2022,Suzuki,Intruder Fi SP,100000,1000.0,Noida,First,2023-10-23
2022,Kawasaki,Z650RS,650000,800.0,Delhi,First,2023-10-19
2012,Honda,Activa 2009-2014,28000,36000.0,Jaipur,First,2023-10-19
2021,Yamaha,RayZR 125 Street Rally,64000,5000.0,Faridabad,First,2023-10-19
2023,Bajaj,Platina 110 H Gear Disc BS6,78000,14000.0,Jaipur,First,2023-10-18
2014,Vespa,LX 125 STD,35000,30000.0,Delhi,First,2023-10-23
2016,Honda,Activa 3G STD,50000,35000.0,Surat,First,2023-10-23
2012,Bajaj,Pulsar 150(2009-2014) STD,25000,100000.0,Noida,First,2023-10-23
2021,TVS,iQube Electric S,95000,3400.0,Delhi,First,2023-10-23
2019,Royal,Enfield Interceptor 650 Orange Crush,275000,10000.0,Vasai,First,2023-10-23
2021,Royal,Enfield Classic 350 (2012-2021) Pure Black BS6 January 2021,165000,10000.0,Kolkata,First,2023-10-23
2014,Bajaj,Discover 125,22000,68000.0,Agra,First,2023-10-23
2022,Suzuki,Intruder Fi SP,100000,1000.0,Noida,First,2023-10-23
2022,Kawasaki,Z650RS,650000,800.0,Delhi,First,2023-10-19
2012,Honda,Activa 2009-2014,28000,36000.0,Jaipur,First,2023-10-19
2021,Yamaha,RayZR 125 Street Rally,64000,5000.0,Faridabad,First,2023-10-19
2023,Bajaj,Platina 110 H Gear Disc BS6,78000,14000.0,Jaipur,First,2023-10-18
2010,TVS,Scooty Streak,20000,20000.0,Chhindwara,First,2023-10-18
2023,Royal,Enfield Himalayan Granite Black,250000,5000.0,Delhi,First,2023-10-17
2023,Bajaj,Avenger Street 160,110000,10000.0,Noida,First,2023-10-17
2011,Bajaj,Pulsar 150 ABS,30000,80000.0,Kolkata,First,2023-10-16
2023,Royal,Enfield Bullet 350 X Kick Start,172000,9000.0,Faridabad,First,2023-10-16
2016,Royal,Enfield Classic 350 Chrome Series With Dual-Channel,90000,50000.0,Delhi,First,2023-10-16
2021,Honda,Hornet 2.0,105000,50000.0,Delhi,First,2023-10-16
2016,TVS,Star City Plus,40000,40000.0,Mysore,First,2023-10-14
2021,Royal,Enfield Classic 350 Chrome Series With Dual-Channel,150000,20000.0,Udaipur,First,2023-10-14
2022,Yamaha,R15 V4 Racing Blue,180000,15000.0,Delhi,First,2023-10-14
2021,Honda,Shine Celebration Edition Disc,60000,15000.0,Mumbai,First,2023-10-13
2019,TVS,NTORQ 125 Disc,55000,15000.0,Delhi,First,2023-10-13
2010,TVS,Scooty Streak,20000,20000.0,Chhindwara,First,2023-10-18
2023,Royal,Enfield Himalayan Granite Black,250000,5000.0,Delhi,First,2023-10-17
2023,Bajaj,Avenger Street 160,110000,10000.0,Noida,First,2023-10-17
2011,Bajaj,Pulsar 150 ABS,30000,80000.0,Kolkata,First,2023-10-16
2023,Royal,Enfield Bullet 350 X Kick Start,172000,9000.0,Faridabad,First,2023-10-16
2016,Royal,Enfield Classic 350 Chrome Series With Dual-Channel,90000,50000.0,Delhi,First,2023-10-16
2021,Honda,Hornet 2.0,105000,50000.0,Delhi,First,2023-10-16
2016,TVS,Star City Plus,40000,40000.0,Mysore,First,2023-10-14
2021,Royal,Enfield Classic 350 Chrome Series With Dual-Channel,150000,20000.0,Udaipur,First,2023-10-14
2022,Yamaha,R15 V4 Racing Blue,180000,15000.0,Delhi,First,2023-10-14
2021,Honda,Shine Celebration Edition Disc,60000,15000.0,Mumbai,First,2023-10-13
2019,TVS,NTORQ 125 Disc,55000,15000.0,Delhi,First,2023-10-13
2021,TVS,NTORQ 125 Race XP,75000,25000.0,Delhi,First,2023-10-12
2014,Royal,Enfield Thunderbird 350 ABS,75000,35000.0,Delhi,First,2023-10-12
2021,Hero,Passion Pro i3s Drum Alloy,50000,35000.0,Ghaziabad,First,2023-10-12
2014,Honda,Activa,30000,10000.0,Kolkata,First,2023-10-12
2020,Vespa,ZX 125,60000,5000.0,Delhi,First,2023-10-12
2016,TVS,Jupiter STD,25000,94000.0,Ghaziabad,First,2023-10-12
2011,Bajaj,Pulsar 180 ABS (2009-2019) BS4,17000,40000.0,Delhi,First,2023-10-11
2019,Yamaha,YZF R15 Movistar STD,140000,20000.0,Mumbai,First,2023-10-10
2017,TVS,Apache RTR 160 Disc,55000,15000.0,Jaipur,First,2023-10-10
2021,Honda,Activa 125 Premium Edition Disc,50000,25000.0,Delhi,First,2023-10-10
2016,Honda,CB Unicorn 160 Disc Brake,28000,25000.0,Kolkata,First,2023-10-09
2020,Suzuki,Access 125 Disc Alloy Bluetooth,45000,11500.0,Mumbai,First,2023-10-09
2021,TVS,NTORQ 125 Race XP,75000,25000.0,Delhi,First,2023-10-12
2014,Royal,Enfield Thunderbird 350 ABS,75000,35000.0,Delhi,First,2023-10-12
2021,Hero,Passion Pro i3s Drum Alloy,50000,35000.0,Ghaziabad,First,2023-10-12
2014,Honda,Activa,30000,10000.0,Kolkata,First,2023-10-12
2020,Vespa,ZX 125,60000,5000.0,Delhi,First,2023-10-12
2016,TVS,Jupiter STD,25000,94000.0,Ghaziabad,First,2023-10-12
2011,Bajaj,Pulsar 180 ABS (2009-2019) BS4,17000,40000.0,Delhi,First,2023-10-11
2019,Yamaha,YZF R15 Movistar STD,140000,20000.0,Mumbai,First,2023-10-10
2017,TVS,Apache RTR 160 Disc,55000,15000.0,Jaipur,First,2023-10-10
2021,Honda,Activa 125 Premium Edition Disc,50000,25000.0,Delhi,First,2023-10-10
2016,Honda,CB Unicorn 160 Disc Brake,28000,25000.0,Kolkata,First,2023-10-09
2020,Suzuki,Access 125 Disc Alloy Bluetooth,45000,11500.0,Mumbai,First,2023-10-09
2017,Aprilia,SR 150 ABS,80000,25000.0,Hyderabad,Second,2023-10-09
2013,Bajaj,Pulsar 150(2009-2014) STD,50000,100000.0,Pune,First,2023-10-09
2017,TVS,Jupiter Classic,33000,2800.0,Delhi,First,2023-10-09
2022,Yezdi,Scrambler Single Tone,160000,11500.0,Faridabad,First,2023-10-09
2021,Honda,Activa 6G H-Smart,64000,5000.0,Faridabad,First,2023-10-09
2022,Jawa,Khakhi And Midnight Grey Editions,170000,6700.0,Ghaziabad,First,2023-10-09
2021,Hero,Xtreme 160R 100 Million Limited Edition,90000,10000.0,Motihari,First,2023-10-09
2018,Honda,Activa 5G,55000,30000.0,Kota,Second,2023-10-09
2015,Hero,Ignitor 125 Drum,28000,12000.0,Delhi,First,2023-10-09
2020,Honda,SP 125,58000,60000.0,Noida,First,2023-10-09
2016,Suzuki,Gixxer,49999,50000.0,Gurgaon,First,2023-10-09
2011,TVS,Wego,20000,120000.0,Agra,First,2023-10-09
2017,Aprilia,SR 150 ABS,80000,25000.0,Hyderabad,Second,2023-10-09
2013,Bajaj,Pulsar 150(2009-2014) STD,50000,100000.0,Pune,First,2023-10-09
2017,TVS,Jupiter Classic,33000,2800.0,Delhi,First,2023-10-09
2022,Yezdi,Scrambler Single Tone,160000,11500.0,Faridabad,First,2023-10-09
2021,Honda,Activa 6G H-Smart,64000,5000.0,Faridabad,First,2023-10-09
2022,Jawa,Khakhi And Midnight Grey Editions,170000,6700.0,Ghaziabad,First,2023-10-09
2021,Hero,Xtreme 160R 100 Million Limited Edition,90000,10000.0,Motihari,First,2023-10-09
2018,Honda,Activa 5G,55000,30000.0,Kota,Second,2023-10-09
2015,Hero,Ignitor 125 Drum,28000,12000.0,Delhi,First,2023-10-09
2020,Honda,SP 125,58000,60000.0,Noida,First,2023-10-09
2016,Suzuki,Gixxer,49999,50000.0,Gurgaon,First,2023-10-09
2011,TVS,Wego,20000,120000.0,Agra,First,2023-10-09
2013,Honda,Dream Yuga 110,17599,30000.0,Delhi,Third,2023-10-06
2016,Hero,Splendor iSmart,35000,60000.0,Ahmedabad,First,2023-10-06
2019,Royal,Enfield Thunderbird 350X ABS,140000,6140.0,Kolkata,First,2023-10-06
2017,Hero,Splendor Plus Self with Alloy Wheel,45000,50000.0,Delhi,First,2023-10-06
2017,Hyosung,GT250R 250R,180000,15000.0,Pune,Second,2023-10-06
2020,Honda,Hornet 2.0,80000,80000.0,Hyderabad,First,2023-10-06
2014,Yamaha,Fazer-FI Version 2.0,30000,20000.0,Bangalore,First,2023-10-06
2016,Honda,Activa 3G STD,40000,80000.0,Chennai,First,2023-10-05
2020,Honda,Dio Sports STD,60000,11500.0,Mumbai,First,2023-10-05
2022,Okaya,Electric Faast,80000,25000.0,Delhi,First,2023-10-05
2012,Bajaj,Avenger 220 STD,35000,13725.0,Bangalore,First,2023-10-05
2011,Bajaj,Pulsar 135LS STD,20000,19500.0,Delhi,First,2023-10-05
2013,Honda,Dream Yuga 110,17599,30000.0,Delhi,Third,2023-10-06
2016,Hero,Splendor iSmart,35000,60000.0,Ahmedabad,First,2023-10-06
2019,Royal,Enfield Thunderbird 350X ABS,140000,6140.0,Kolkata,First,2023-10-06
2017,Hero,Splendor Plus Self with Alloy Wheel,45000,50000.0,Delhi,First,2023-10-06
2017,Hyosung,GT250R 250R,180000,15000.0,Pune,Second,2023-10-06
2020,Honda,Hornet 2.0,80000,80000.0,Hyderabad,First,2023-10-06
2014,Yamaha,Fazer-FI Version 2.0,30000,20000.0,Bangalore,First,2023-10-06
2016,Honda,Activa 3G STD,40000,80000.0,Chennai,First,2023-10-05
2020,Honda,Dio Sports STD,60000,11500.0,Mumbai,First,2023-10-05
2022,Okaya,Electric Faast,80000,25000.0,Delhi,First,2023-10-05
2012,Bajaj,Avenger 220 STD,35000,13725.0,Bangalore,First,2023-10-05
2011,Bajaj,Pulsar 135LS STD,20000,19500.0,Delhi,First,2023-10-05
2016,KTM,390 Duke (2013-2016) STD,120000,40000.0,Kalyan,First,2023-10-05
2015,Hero,HF Deluxe Self Start Alloy Wheel All Black,30000,66000.0,Gurgaon,Second,2023-10-05
2023,Bajaj,Pulsar N160,150000,3000.0,Budaun,First,2023-10-05
2013,Hero,Hunk Double Disc,25000,25000.0,Ghaziabad,First,2023-10-05
2014,Yamaha,FZ-S (V 2.0) STD.,55000,5000.0,Gurgaon,First,2023-10-05
2016,Honda,CB Unicorn 160 Disc Brake,45000,32000.0,Delhi,First,2023-10-05
2017,Bajaj,Avenger Street 150,45000,40000.0,Bokaro,Second,2023-10-05
2020,Jawa,Perak,175000,15000.0,Pune,First,2023-10-05
2023,Yamaha,FZ-X Bluetooth,140000,2200.0,Faridabad,First,2023-10-05
2021,BMW,G 310 GS,300000,5000.0,Guwahati,First,2023-10-04
2010,Hero,Honda Hunk,30000,30000.0,Delhi,First,2023-10-04
2019,Honda,Activa 5G STD,60000,13500.0,Hyderabad,First,2023-10-04
2016,KTM,390 Duke (2013-2016) STD,120000,40000.0,Kalyan,First,2023-10-05
2015,Hero,HF Deluxe Self Start Alloy Wheel All Black,30000,66000.0,Gurgaon,Second,2023-10-05
2023,Bajaj,Pulsar N160,150000,3000.0,Budaun,First,2023-10-05
2013,Hero,Hunk Double Disc,25000,25000.0,Ghaziabad,First,2023-10-05
2014,Yamaha,FZ-S (V 2.0) STD.,55000,5000.0,Gurgaon,First,2023-10-05
2016,Honda,CB Unicorn 160 Disc Brake,45000,32000.0,Delhi,First,2023-10-05
2017,Bajaj,Avenger Street 150,45000,40000.0,Bokaro,Second,2023-10-05
2020,Jawa,Perak,175000,15000.0,Pune,First,2023-10-05
2023,Yamaha,FZ-X Bluetooth,140000,2200.0,Faridabad,First,2023-10-05
2021,BMW,G 310 GS,300000,5000.0,Guwahati,First,2023-10-04
2010,Hero,Honda Hunk,30000,30000.0,Delhi,First,2023-10-04
2019,Honda,Activa 5G STD,60000,13500.0,Hyderabad,First,2023-10-04
2014,Suzuki,Let’s 110cc,22000,35000.0,Lucknow,First,2023-10-04
2017,Honda,Aviator Drum Brake Alloy,40000,15000.0,Saran,First,2023-10-04
2022,Royal,Enfield Classic 350 Dark Series With Dual-Channel,230000,1350.0,Ahmedabad,First,2023-10-04
2019,Bajaj,Pulsar 220 F,75000,35000.0,Lucknow,First,2023-10-04
2019,Royal,Enfield Thunderbird 350X ABS,170000,5000.0,Bangalore,First,2023-10-04
2016,Suzuki,Access 125cc,36800,70000.0,Bangalore,First,2023-09-30
2015,Yamaha,Fazer 153 STD,35000,25602.0,Ahmedabad,First,2023-09-29
2021,TVS,Raider SmartXonnect,70000,35000.0,Mumbai,First,2023-09-29
2014,Hero,Maestro 110cc,20000,100000.0,Delhi,Second,2023-09-29
2018,Honda,CB Shine BS4 Drum Brake,42000,40000.0,Delhi,First,2023-09-29
2016,TVS,Jupiter STD,25000,60000.0,Delhi,First,2023-09-29
2018,Honda,CB Shine BS4 Drum Brake,45000,60000.0,Agra,First,2023-09-29
2014,Suzuki,Let’s 110cc,22000,35000.0,Lucknow,First,2023-10-04
2017,Honda,Aviator Drum Brake Alloy,40000,15000.0,Saran,First,2023-10-04
2022,Royal,Enfield Classic 350 Dark Series With Dual-Channel,230000,1350.0,Ahmedabad,First,2023-10-04
2019,Bajaj,Pulsar 220 F,75000,35000.0,Lucknow,First,2023-10-04
2019,Royal,Enfield Thunderbird 350X ABS,170000,5000.0,Bangalore,First,2023-10-04
2016,Suzuki,Access 125cc,36800,70000.0,Bangalore,First,2023-09-30
2015,Yamaha,Fazer 153 STD,35000,25602.0,Ahmedabad,First,2023-09-29
2021,TVS,Raider SmartXonnect,70000,35000.0,Mumbai,First,2023-09-29
2014,Hero,Maestro 110cc,20000,100000.0,Delhi,Second,2023-09-29
2018,Honda,CB Shine BS4 Drum Brake,42000,40000.0,Delhi,First,2023-09-29
2016,TVS,Jupiter STD,25000,60000.0,Delhi,First,2023-09-29
2018,Honda,CB Shine BS4 Drum Brake,45000,60000.0,Agra,First,2023-09-29
2022,Bajaj,Platina 110 H Gear Disc BS6,65000,20000.0,Bangalore,First,2023-09-29
2015,Bajaj,Pulsar 200 STD,60000,40000.0,Lucknow,Above,2023-09-29
2017,TVS,Jupiter STD,20000,15000.0,Delhi,First,2023-09-29
2023,Hero,Xoom 110,76000,1500.0,Delhi,First,2023-09-27
2017,Royal,Enfield Bullet Electra std,120000,10000.0,Noida,First,2023-09-27
2017,Bajaj,Avenger 220 STD,65000,30000.0,Delhi,Second,2023-09-27
2020,Suzuki,Intruder Fi SP,100000,30000.0,Pune,First,2023-09-27
2020,Royal,Enfield Classic 350 (2012-2021) Stealth Black BS6 2020,175000,5000.0,Mumbai,First,2023-09-26
2014,TVS,Apache RTR 160 Disc,30000,70000.0,Mumbai,Third,2023-09-26
2016,Royal,Enfield Himalayan Snow White,96700,100000.0,Delhi,Second,2023-09-26
2023,Ola,Electric S1 X,80000,5000.0,Hyderabad,First,2023-09-25
2016,Suzuki,Gixxer (2014-2018) Base,40000,30000.0,Chennai,Second,2023-09-25
2022,Bajaj,Platina 110 H Gear Disc BS6,65000,20000.0,Bangalore,First,2023-09-29
2015,Bajaj,Pulsar 200 STD,60000,40000.0,Lucknow,Above,2023-09-29
2017,TVS,Jupiter STD,20000,15000.0,Delhi,First,2023-09-29
2023,Hero,Xoom 110,76000,1500.0,Delhi,First,2023-09-27
2017,Royal,Enfield Bullet Electra std,120000,10000.0,Noida,First,2023-09-27
2017,Bajaj,Avenger 220 STD,65000,30000.0,Delhi,Second,2023-09-27
2020,Suzuki,Intruder Fi SP,100000,30000.0,Pune,First,2023-09-27
2020,Royal,Enfield Classic 350 (2012-2021) Stealth Black BS6 2020,175000,5000.0,Mumbai,First,2023-09-26
2014,TVS,Apache RTR 160 Disc,30000,70000.0,Mumbai,Third,2023-09-26
2016,Royal,Enfield Himalayan Snow White,96700,100000.0,Delhi,Second,2023-09-26
2023,Ola,Electric S1 X,80000,5000.0,Hyderabad,First,2023-09-25
2016,Suzuki,Gixxer (2014-2018) Base,40000,30000.0,Chennai,Second,2023-09-25
2018,Honda,Livo,45000,35000.0,Delhi,First,2023-09-25
2016,Honda,CB Shine SP Disc Brake,45000,40000.0,Noida,First,2023-09-25
2019,Yamaha,FZS-FI V3 Dark Knight,100000,35000.0,Hyderabad,First,2023-09-25
2020,Honda,SP 125,72000,4173.0,Ahmedabad,First,2023-09-25
2015,Suzuki,Gixxer SF (2015-2018),50000,30000.0,Delhi,First,2023-09-23
2017,TVS,Jupiter Classic,36000,40000.0,Ahmedabad,First,2023-09-23
2017,Hero,Achiever Alloy,45000,40000.0,Davangere,First,2023-09-22
2019,Honda,Activa 5G,60000,30000.0,Bangalore,Second,2023-09-23
2020,Royal,Enfield Interceptor 650 Orange Crush,275000,3500.0,Gurgaon,First,2023-09-22
2018,Hero,Duet LX,35000,37000.0,Ballia,First,2023-09-22
2021,Honda,Dio Sports STD,80000,20000.0,Hubballi,First,2023-09-22
2015,Hero,Maestro 110cc,20000,25000.0,Gurugram,Second,2023-09-22
2018,Honda,Livo,45000,35000.0,Delhi,First,2023-09-25
2016,Honda,CB Shine SP Disc Brake,45000,40000.0,Noida,First,2023-09-25
2019,Yamaha,FZS-FI V3 Dark Knight,100000,35000.0,Hyderabad,First,2023-09-25
2020,Honda,SP 125,72000,4173.0,Ahmedabad,First,2023-09-25
2015,Suzuki,Gixxer SF (2015-2018),50000,30000.0,Delhi,First,2023-09-23
2017,TVS,Jupiter Classic,36000,40000.0,Ahmedabad,First,2023-09-23
2017,Hero,Achiever Alloy,45000,40000.0,Davangere,First,2023-09-22
2019,Honda,Activa 5G,60000,30000.0,Bangalore,Second,2023-09-23
2020,Royal,Enfield Interceptor 650 Orange Crush,275000,3500.0,Gurgaon,First,2023-09-22
2018,Hero,Duet LX,35000,37000.0,Ballia,First,2023-09-22
2021,Honda,Dio Sports STD,80000,20000.0,Hubballi,First,2023-09-22
2015,Hero,Maestro 110cc,20000,25000.0,Gurugram,Second,2023-09-22
2021,Royal,Enfield Interceptor 650 Ravishing Red,300000,10000.0,Bangalore,First,2023-09-21
2013,Royal,Enfield Bullet 350 Electric Start BS4,85000,5000.0,Patna,Second,2023-09-20
2022,Royal,Enfield Bullet 350 X Electric Start,199000,5000.0,Nagpur,First,2023-09-19
2015,Suzuki,Gixxer SF (2015-2018),40000,35000.0,Chennai,First,2023-09-19
2022,Yezdi,Scrambler Single Tone,185000,8600.0,Mumbai,First,2023-09-19
2016,Honda,Livo,35000,35000.0,Ghaziabad,First,2023-09-19
2018,Vespa,VXL 125 STD,65000,4650.0,Hyderabad,First,2023-09-18
2016,Suzuki,Gixxer SF (2015-2018),50000,36249.0,Meerut,First,2023-09-18
2023,Yamaha,R15 V4 Racing Blue,187000,11000.0,Sikar,First,2023-09-18
2013,Hero,Ignitor 125 Drum,28000,40000.0,Bangalore,First,2023-09-17
2018,Benelli,TNT 300 BS4 ABS BS4,180000,35000.0,Kolkata,Third,2023-09-18
2018,TVS,Apache RTR 160 4V Carburetor Dual Disc (2018),80000,30000.0,Delhi,First,2023-09-18
2021,Royal,Enfield Interceptor 650 Ravishing Red,300000,10000.0,Bangalore,First,2023-09-21
2013,Royal,Enfield Bullet 350 Electric Start BS4,85000,5000.0,Patna,Second,2023-09-20
2022,Royal,Enfield Bullet 350 X Electric Start,199000,5000.0,Nagpur,First,2023-09-19
2015,Suzuki,Gixxer SF (2015-2018),40000,35000.0,Chennai,First,2023-09-19
2022,Yezdi,Scrambler Single Tone,185000,8600.0,Mumbai,First,2023-09-19
2016,Honda,Livo,35000,35000.0,Ghaziabad,First,2023-09-19
2018,Vespa,VXL 125 STD,65000,4650.0,Hyderabad,First,2023-09-18
2016,Suzuki,Gixxer SF (2015-2018),50000,36249.0,Meerut,First,2023-09-18
2023,Yamaha,R15 V4 Racing Blue,187000,11000.0,Sikar,First,2023-09-18
2013,Hero,Ignitor 125 Drum,28000,40000.0,Bangalore,First,2023-09-17
2018,Benelli,TNT 300 BS4 ABS BS4,180000,35000.0,Kolkata,Third,2023-09-18
2018,TVS,Apache RTR 160 4V Carburetor Dual Disc (2018),80000,30000.0,Delhi,First,2023-09-18
2018,Hero,HF Deluxe Self Start Alloy Wheel All Black,48000,35000.0,Barmer,First,2023-09-18
2016,Honda,Activa 3G STD,40000,5000.0,New,First,2023-09-17
2010,Bajaj,Pulsar 150(2009-2014) STD,35000,44700.0,Pune,First,2023-09-17
2021,Jawa,42 2.1 Tawang Edition,160000,25000.0,Delhi,First,2023-09-17
2015,Royal,Enfield Classic 350 (2012-2021) STD BS3,120000,38000.0,Kolkata,First,2023-09-17
2018,Honda,CB Hornet 160R BS4 STD BS4,65000,60000.0,Pune,Second,2023-09-17
2018,Royal,Enfield Classic 350 (2012-2021) Redditch BS4,115000,17000.0,Delhi,Second,2023-09-17
2010,Honda,Activa,22000,20000.0,Mysore,First,2023-09-17
2016,Honda,CBR250R ABS,100000,20000.0,Jamshedpur,Second,2023-09-16
2022,Revolt,RV400,110000,1200.0,Pune,First,2023-09-16
2017,Yamaha,FZ-S (V 2.0) STD.,60000,12377.0,Gurgaon,First,2023-09-16
2022,Okinawa,iPraise+,110000,4500.0,Thane,First,2023-09-16
2018,Hero,HF Deluxe Self Start Alloy Wheel All Black,48000,35000.0,Barmer,First,2023-09-18
2016,Honda,Activa 3G STD,40000,5000.0,New,First,2023-09-17
2010,Bajaj,Pulsar 150(2009-2014) STD,35000,44700.0,Pune,First,2023-09-17
2021,Jawa,42 2.1 Tawang Edition,160000,25000.0,Delhi,First,2023-09-17
2015,Royal,Enfield Classic 350 (2012-2021) STD BS3,120000,38000.0,Kolkata,First,2023-09-17
2018,Honda,CB Hornet 160R BS4 STD BS4,65000,60000.0,Pune,Second,2023-09-17
2018,Royal,Enfield Classic 350 (2012-2021) Redditch BS4,115000,17000.0,Delhi,Second,2023-09-17
2010,Honda,Activa,22000,20000.0,Mysore,First,2023-09-17
2016,Honda,CBR250R ABS,100000,20000.0,Jamshedpur,Second,2023-09-16
2022,Revolt,RV400,110000,1200.0,Pune,First,2023-09-16
2017,Yamaha,FZ-S (V 2.0) STD.,60000,12377.0,Gurgaon,First,2023-09-16
2022,Okinawa,iPraise+,110000,4500.0,Thane,First,2023-09-16
2019,Royal,Enfield Himalayan BS4 ABS,170000,13000.0,Ghaziabad,First,2023-09-16
2019,Bajaj,Dominar 400 BS4,150000,17800.0,Kanpur,First,2023-09-16
2013,Bajaj,Pulsar NS200 STD BS4,40000,30000.0,Aligarh,Second,2023-09-15
2021,Bajaj,Pulsar 125 Carbon Fiber Split Seat,60000,10000.0,Giridih,First,2023-09-15
2014,Bajaj,Pulsar 220 F,35000,70000.0,Mumbai,First,2023-09-15
2019,Royal,Enfield Interceptor 650 Orange Crush,250000,12300.0,Bangalore,First,2023-09-15
2011,Hero,Pleasure Sheet Metal Wheel,25000,20000.0,Delhi,First,2023-09-15
2023,KTM,250 Duke STD,250000,4700.0,Mumbai,First,2023-09-14
2020,Yamaha,Fascino 125 Hybrid Disc,65000,40000.0,Bangalore,First,2023-09-13
2019,TVS,Apache RTR 160 4V Dual Disc ABS (BS4),72000,30000.0,Gurgaon,First,2023-09-13
2020,Honda,Dio Sports DLX,50000,16091.0,Mumbai,First,2023-09-13
2021,Husqvarna,Motorcycles Vitpilen 250,160000,15000.0,Mumbai,First,2023-09-13
2019,Royal,Enfield Himalayan BS4 ABS,170000,13000.0,Ghaziabad,First,2023-09-16
2019,Bajaj,Dominar 400 BS4,150000,17800.0,Kanpur,First,2023-09-16
2013,Bajaj,Pulsar NS200 STD BS4,40000,30000.0,Aligarh,Second,2023-09-15
2021,Bajaj,Pulsar 125 Carbon Fiber Split Seat,60000,10000.0,Giridih,First,2023-09-15
2014,Bajaj,Pulsar 220 F,35000,70000.0,Mumbai,First,2023-09-15
2019,Royal,Enfield Interceptor 650 Orange Crush,250000,12300.0,Bangalore,First,2023-09-15
2011,Hero,Pleasure Sheet Metal Wheel,25000,20000.0,Delhi,First,2023-09-15
2023,KTM,250 Duke STD,250000,4700.0,Mumbai,First,2023-09-14
2020,Yamaha,Fascino 125 Hybrid Disc,65000,40000.0,Bangalore,First,2023-09-13
2019,TVS,Apache RTR 160 4V Dual Disc ABS (BS4),72000,30000.0,Gurgaon,First,2023-09-13
2020,Honda,Dio Sports DLX,50000,16091.0,Mumbai,First,2023-09-13
2021,Husqvarna,Motorcycles Vitpilen 250,160000,15000.0,Mumbai,First,2023-09-13
2019,Vespa,SXL 150,80000,5000.0,Noida,First,2023-09-13
2013,Suzuki,Access 125 Drum Alloy Bluetooth,30000,20000.0,Ahmadnagar,Second,2023-09-13
2019,KTM,Duke 390 2017 Edition1,160000,21500.0,Mumbai,Above,2023-09-13
2019,Bajaj,Dominar 400 BS4,150000,20000.0,Mumbai,Second,2023-09-13
2010,TVS,Apache RTR 180,18000,80000.0,Mumbai,Third,2023-09-13
2016,Honda,CBR 150 R,70000,40000.0,Nagpur,First,2023-09-12
2022,KTM,RC 200,200000,7300.0,Delhi,Second,2023-09-12
2020,Royal,Enfield Bullet 350 ES ABS BS4,135000,17201.0,Chandigarh,First,2023-09-12
2023,Yamaha,Aerox 155 MotoGP Edition,140000,850.0,Ranchi,First,2023-09-12
2014,Bajaj,Pulsar F250 All-Black,45000,30000.0,Delhi,First,2023-09-12
2018,Bajaj,Dominar 400 BS4,120000,25000.0,Delhi,First,2023-09-12
2016,Bajaj,Platina 100 Electric Start CBS,38000,46500.0,Bharatpur,First,2023-09-11
2019,Vespa,SXL 150,80000,5000.0,Noida,First,2023-09-13
2013,Suzuki,Access 125 Drum Alloy Bluetooth,30000,20000.0,Ahmadnagar,Second,2023-09-13
2019,KTM,Duke 390 2017 Edition1,160000,21500.0,Mumbai,Above,2023-09-13
2019,Bajaj,Dominar 400 BS4,150000,20000.0,Mumbai,Second,2023-09-13
2010,TVS,Apache RTR 180,18000,80000.0,Mumbai,Third,2023-09-13
2016,Honda,CBR 150 R,70000,40000.0,Nagpur,First,2023-09-12
2022,KTM,RC 200,200000,7300.0,Delhi,Second,2023-09-12
2020,Royal,Enfield Bullet 350 ES ABS BS4,135000,17201.0,Chandigarh,First,2023-09-12
2023,Yamaha,Aerox 155 MotoGP Edition,140000,850.0,Ranchi,First,2023-09-12
2014,Bajaj,Pulsar F250 All-Black,45000,30000.0,Delhi,First,2023-09-12
2018,Bajaj,Dominar 400 BS4,120000,25000.0,Delhi,First,2023-09-12
2016,Bajaj,Platina 100 Electric Start CBS,38000,46500.0,Bharatpur,First,2023-09-11
2019,Bajaj,Pulsar 180 STD (2009-2019) BS4,89000,25000.0,Allahabad,First,2023-09-11
2016,Honda,Activa 3G,40000,35000.0,Delhi,First,2023-09-11
2007,Bajaj,Avenger Street 160,10000,60000.0,Pune,First,2023-09-11
2020,Hero,Super Splendor Canvas Black Edition Drum,65000,35000.0,Lucknow,First,2023-09-11
2020,Royal,Enfield Classic 350 Signals Series With Dual-Channel,190000,6000.0,Bhubaneshwar,First,2023-09-11
2016,Suzuki,Gixxer,45000,35000.0,Ahmedabad,First,2023-09-10
2022,Royal,Enfield Himalayan Lake Blue,210000,10000.0,Pune,First,2023-09-10
2019,Bajaj,Avenger Cruise 220 Desert Gold,80000,10000.0,Ahmedabad,First,2023-09-10
2020,Bajaj,Pulsar 125 Neon Single Seat,69500,25000.0,Patna,First,2023-09-09
2023,TVS,Jupiter 125 Drum Alloy,90000,5000.0,Delhi,First,2023-09-09
2016,Honda,Activa 3G,35000,30000.0,Delhi,First,2023-09-09
2022,Royal,Enfield Classic 350 Dark Series With Dual-Channel,210000,5000.0,Mumbai,First,2023-09-09
2019,Bajaj,Pulsar 180 STD (2009-2019) BS4,89000,25000.0,Allahabad,First,2023-09-11
2016,Honda,Activa 3G,40000,35000.0,Delhi,First,2023-09-11
2007,Bajaj,Avenger Street 160,10000,60000.0,Pune,First,2023-09-11
2020,Hero,Super Splendor Canvas Black Edition Drum,65000,35000.0,Lucknow,First,2023-09-11
2020,Royal,Enfield Classic 350 Signals Series With Dual-Channel,190000,6000.0,Bhubaneshwar,First,2023-09-11
2016,Suzuki,Gixxer,45000,35000.0,Ahmedabad,First,2023-09-10
2022,Royal,Enfield Himalayan Lake Blue,210000,10000.0,Pune,First,2023-09-10
2019,Bajaj,Avenger Cruise 220 Desert Gold,80000,10000.0,Ahmedabad,First,2023-09-10
2020,Bajaj,Pulsar 125 Neon Single Seat,69500,25000.0,Patna,First,2023-09-09
2023,TVS,Jupiter 125 Drum Alloy,90000,5000.0,Delhi,First,2023-09-09
2016,Honda,Activa 3G,35000,30000.0,Delhi,First,2023-09-09
2022,Royal,Enfield Classic 350 Dark Series With Dual-Channel,210000,5000.0,Mumbai,First,2023-09-09
2018,Royal,Enfield Classic 350 Chrome Series With Dual-Channel,140000,19000.0,Gurgaon,First,2023-09-09
2016,Honda,Aviator Drum Brake,25000,35000.0,Kolkata,Second,2023-09-09
2022,Hero,Super Splendor Canvas Black Edition Disc,75000,5000.0,Agra,First,2023-09-09
2017,Bajaj,Dominar 400 BS4,150000,15000.0,Bangalore,First,2023-09-08
2018,Honda,Livo,45000,40000.0,Kolkata,First,2023-09-08
2021,PURE,EV Epluto 7G,85000,5000.0,Pune,First,2023-09-07
2023,Bajaj,Pulsar P150 Twin Disc,90000,4800.0,Khammam,First,2023-09-07
2019,TVS,NTORQ 125 Drum BS4,60000,30000.0,Bangalore,First,2023-09-06
2013,Yamaha,FZ 25,42000,21586.0,Chandigarh,First,2023-09-06
2009,Honda,Shine Celebration Edition Drum,22000,50000.0,Gorakhpur,First,2023-09-06
2022,Tunwal,Elektrika 60,40000,60000.0,Delhi,First,2023-09-06
2020,Honda,CB Unicorn 150,63000,32500.0,Kolkata,First,2023-09-05
2018,Royal,Enfield Classic 350 Chrome Series With Dual-Channel,140000,19000.0,Gurgaon,First,2023-09-09
2016,Honda,Aviator Drum Brake,25000,35000.0,Kolkata,Second,2023-09-09
2022,Hero,Super Splendor Canvas Black Edition Disc,75000,5000.0,Agra,First,2023-09-09
2017,Bajaj,Dominar 400 BS4,150000,15000.0,Bangalore,First,2023-09-08
2018,Honda,Livo,45000,40000.0,Kolkata,First,2023-09-08
2021,PURE,EV Epluto 7G,85000,5000.0,Pune,First,2023-09-07
2023,Bajaj,Pulsar P150 Twin Disc,90000,4800.0,Khammam,First,2023-09-07
2019,TVS,NTORQ 125 Drum BS4,60000,30000.0,Bangalore,First,2023-09-06
2013,Yamaha,FZ 25,42000,21586.0,Chandigarh,First,2023-09-06
2009,Honda,Shine Celebration Edition Drum,22000,50000.0,Gorakhpur,First,2023-09-06
2022,Tunwal,Elektrika 60,40000,60000.0,Delhi,First,2023-09-06
2020,Honda,CB Unicorn 150,63000,32500.0,Kolkata,First,2023-09-05
2018,Honda,XBlade BS4,54000,3000.0,Gandhinagar,First,2023-09-05
2022,Yamaha,R15 V4 M World GP 60th Anniversary,198000,10000.0,Delhi,First,2023-09-05
2018,Honda,Activa 5G DLX,55000,15000.0,Pune,First,2023-09-05
2013,Honda,Aviator Drum Brake,30000,20000.0,Pune,Third,2023-09-04
2022,Komaki,Ranger,140000,5000.0,Delhi,First,2023-09-04
2023,TVS,Apache RTR 160 4V Front And Rear Disc With SmartXonnect,135000,4200.0,Delhi,First,2023-09-04
2017,Bajaj,Dominar 400 BS4,88500,80000.0,Ahmedabad,First,2023-09-04
2019,Bajaj,Pulsar 150 Neon BS6,70000,25000.0,Asansol,First,2023-09-04
2020,Royal,Enfield Bullet 350 X Kick Start,130000,10000.0,Ghaziabad,First,2023-09-04
2200,Duke,Activa,125000,22000.0,Kolkata,First,2023-09-04
2012,Hero,Splendor Pro Classic spectra base,39000,22600.0,Rajkot,First,2023-09-04
2007,Honda,Activa,22000,22600.0,Rajkot,First,2023-09-04
2018,Honda,XBlade BS4,54000,3000.0,Gandhinagar,First,2023-09-05
2022,Yamaha,R15 V4 M World GP 60th Anniversary,198000,10000.0,Delhi,First,2023-09-05
2018,Honda,Activa 5G DLX,55000,15000.0,Pune,First,2023-09-05
2013,Honda,Aviator Drum Brake,30000,20000.0,Pune,Third,2023-09-04
2022,Komaki,Ranger,140000,5000.0,Delhi,First,2023-09-04
2023,TVS,Apache RTR 160 4V Front And Rear Disc With SmartXonnect,135000,4200.0,Delhi,First,2023-09-04
2017,Bajaj,Dominar 400 BS4,88500,80000.0,Ahmedabad,First,2023-09-04
2019,Bajaj,Pulsar 150 Neon BS6,70000,25000.0,Asansol,First,2023-09-04
2020,Royal,Enfield Bullet 350 X Kick Start,130000,10000.0,Ghaziabad,First,2023-09-04
2200,Duke,Activa,125000,22000.0,Kolkata,First,2023-09-04
2012,Hero,Splendor Pro Classic spectra base,39000,22600.0,Rajkot,First,2023-09-04
2007,Honda,Activa,22000,22600.0,Rajkot,First,2023-09-04
2023,Yamaha,R15 V4 M,190000,3400.0,Hyderabad,First,2023-09-04
2015,KTM,RC 390 (2014-2016),110000,25000.0,Gangtok,Second,2023-09-04
2017,TVS,Apache RTR 160 Disc,55000,30000.0,Noida,First,2023-09-04
2017,Bajaj,Avenger Street 160,50000,60000.0,Bangalore,First,2023-09-04
2012,Suzuki,Access 125 Drum Brake CBS Special Edition,30000,30000.0,Pune,First,2023-09-04
2022,Royal,Enfield Meteor 350 Fireball Custom,200000,1600.0,Pune,First,2023-08-31
2022,KTM,RC 200,185000,5000.0,Hyderabad,First,2023-08-31
2022,Bajaj,Pulsar F250 All-Black,150000,11800.0,Hyderabad,First,2023-08-31
2010,Hero,Splendor Plus Self Alloy BS4,23000,50000.0,Chennai,First,2023-08-31
2022,TVS,Radeon Commuter Bike of the Year – Drum,80000,10000.0,Bangalore,First,2023-08-31
2022,Bajaj,Pulsar NS 125,80000,7000.0,Mumbai,First,2023-08-31
2022,Yamaha,FZ-FI Version 3.0,120000,5000.0,Kolkata,First,2023-08-31
2023,Yamaha,R15 V4 M,190000,3400.0,Hyderabad,First,2023-09-04
2015,KTM,RC 390 (2014-2016),110000,25000.0,Gangtok,Second,2023-09-04
2017,TVS,Apache RTR 160 Disc,55000,30000.0,Noida,First,2023-09-04
2017,Bajaj,Avenger Street 160,50000,60000.0,Bangalore,First,2023-09-04
2012,Suzuki,Access 125 Drum Brake CBS Special Edition,30000,30000.0,Pune,First,2023-09-04
2022,Royal,Enfield Meteor 350 Fireball Custom,200000,1600.0,Pune,First,2023-08-31
2022,KTM,RC 200,185000,5000.0,Hyderabad,First,2023-08-31
2022,Bajaj,Pulsar F250 All-Black,150000,11800.0,Hyderabad,First,2023-08-31
2010,Hero,Splendor Plus Self Alloy BS4,23000,50000.0,Chennai,First,2023-08-31
2022,TVS,Radeon Commuter Bike of the Year – Drum,80000,10000.0,Bangalore,First,2023-08-31
2022,Bajaj,Pulsar NS 125,80000,7000.0,Mumbai,First,2023-08-31
2022,Yamaha,FZ-FI Version 3.0,120000,5000.0,Kolkata,First,2023-08-31
2021,Revolt,RV400,95000,30000.0,Delhi,First,2023-08-28
2020,Bajaj,Pulsar 125 Neon Single Seat,57000,15000.0,Purnia,First,2023-08-28
2018,TVS,NTORQ 125 Race Edition,85000,5000.0,Gurgaon,First,2023-08-28
2021,Honda,CD 110 Dream DLX New,60000,15000.0,Gurgaon,First,2023-08-28
2020,TVS,Jupiter ZX bs4,55000,35000.0,Pune,First,2023-08-28
2019,Honda,Activa 5G DLX,56000,20000.0,Hyderabad,First,2023-08-28
2010,Bajaj,Pulsar 150 Twin Disc ABS,20000,40000.0,Ghaziabad,First,2023-08-28
2017,Honda,Activa 4G,35000,20000.0,Delhi,First,2023-08-28
2021,Aprilia,Storm 125 FL CBS Disc Brake BS6,60000,5000.0,Kolkata,Second,2023-08-28
2023,Revolt,RV400,150000,5000.0,Delhi,First,2023-08-28
2014,Honda,Activa,30000,25000.0,Ghaziabad,First,2023-08-28
2023,TVS,Ronin Triple Tone – Dual Channel – Galactic Grey,155000,5000.0,Mumbai,First,2023-08-26
2021,Revolt,RV400,95000,30000.0,Delhi,First,2023-08-28
2020,Bajaj,Pulsar 125 Neon Single Seat,57000,15000.0,Purnia,First,2023-08-28
2018,TVS,NTORQ 125 Race Edition,85000,5000.0,Gurgaon,First,2023-08-28
2021,Honda,CD 110 Dream DLX New,60000,15000.0,Gurgaon,First,2023-08-28
2020,TVS,Jupiter ZX bs4,55000,35000.0,Pune,First,2023-08-28
2019,Honda,Activa 5G DLX,56000,20000.0,Hyderabad,First,2023-08-28
2010,Bajaj,Pulsar 150 Twin Disc ABS,20000,40000.0,Ghaziabad,First,2023-08-28
2017,Honda,Activa 4G,35000,20000.0,Delhi,First,2023-08-28
2021,Aprilia,Storm 125 FL CBS Disc Brake BS6,60000,5000.0,Kolkata,Second,2023-08-28
2023,Revolt,RV400,150000,5000.0,Delhi,First,2023-08-28
2014,Honda,Activa,30000,25000.0,Ghaziabad,First,2023-08-28
2023,TVS,Ronin Triple Tone – Dual Channel – Galactic Grey,155000,5000.0,Mumbai,First,2023-08-26
2015,Bajaj,Avenger Cruise 220 Desert Gold,45000,25000.0,Gwalior,First,2023-08-26
2019,TVS,Apache RTR 200 4V Dual Channel ABS,80000,35000.0,Rohtak,First,2023-08-26
2020,Bajaj,Platina 110 H Gear Disc BS6,68000,10000.0,Panipat,Second,2023-08-26
2013,Bajaj,Pulsar 150 Neon ABS,30000,35000.0,Chennai,First,2023-08-25
2023,BMW,G 310 RR Style Sport,300000,1700.0,Gurgaon,First,2023-08-24
2022,Ampere,Magnus EX 60,65000,7200.0,Nagpur,First,2023-08-24
2017,Bajaj,Vikrant V15,35000,50000.0,Indore,Second,2023-08-23
2013,Hero,Glamour (2012-2016) PGM-Fi Disc Self Cast,25000,70000.0,Delhi,First,2023-08-23
2009,Bajaj,Pulsar 150 Single Disc ABS,59000,25000.0,Aligarh,First,2023-08-23
2016,Suzuki,Gixxer,50000,40000.0,Kolkata,First,2023-08-24
2013,Honda,CB Twister Self Start with Disc Brake,30000,35000.0,Kolkata,Second,2023-08-23
2017,TVS,Apache RTR 200 4V Standard BS4,88000,24000.0,Mumbai,Second,2023-08-22
2015,Bajaj,Avenger Cruise 220 Desert Gold,45000,25000.0,Gwalior,First,2023-08-26
2019,TVS,Apache RTR 200 4V Dual Channel ABS,80000,35000.0,Rohtak,First,2023-08-26
2020,Bajaj,Platina 110 H Gear Disc BS6,68000,10000.0,Panipat,Second,2023-08-26
2013,Bajaj,Pulsar 150 Neon ABS,30000,35000.0,Chennai,First,2023-08-25
2023,BMW,G 310 RR Style Sport,300000,1700.0,Gurgaon,First,2023-08-24
2022,Ampere,Magnus EX 60,65000,7200.0,Nagpur,First,2023-08-24
2017,Bajaj,Vikrant V15,35000,50000.0,Indore,Second,2023-08-23
2013,Hero,Glamour (2012-2016) PGM-Fi Disc Self Cast,25000,70000.0,Delhi,First,2023-08-23
2009,Bajaj,Pulsar 150 Single Disc ABS,59000,25000.0,Aligarh,First,2023-08-23
2016,Suzuki,Gixxer,50000,40000.0,Kolkata,First,2023-08-24
2013,Honda,CB Twister Self Start with Disc Brake,30000,35000.0,Kolkata,Second,2023-08-23
2017,TVS,Apache RTR 200 4V Standard BS4,88000,24000.0,Mumbai,Second,2023-08-22
2009,Honda,Activa,20000,70000.0,Bangalore,First,2023-08-21
2022,Yezdi,Scrambler Single Tone,200000,5000.0,Vijayawada,First,2023-08-21
2021,Hero,Passion Pro XTec Drum,45000,35000.0,Ahmedabad,First,2023-08-21
2019,Aprilia,SR 125 2020 Analog,55000,40000.0,Delhi,First,2023-08-21
2016,Royal,Enfield Himalayan Snow White,115000,20000.0,Gurugram,Third,2023-08-21
2022,Royal,Enfield Meteor 350 Stellar Custom,195000,25000.0,Bangalore,First,2023-08-19
2022,Honda,CB200X DX,150000,8900.0,Jaipur,Second,2023-08-19
2022,Royal,Enfield Hunter 350 Metro,165000,10000.0,Chennai,First,2023-08-16
2016,Vespa,SXL 150,49999,27500.0,Amaravati,Above,2023-08-16
2016,Honda,Navi,35000,10000.0,Pilibhit,First,2023-08-16
2013,Bajaj,Avenger Cruise 220,65000,40000.0,Hamirpur,First,2023-08-16
2018,Yamaha,FZ 25,90000,25000.0,Pune,First,2023-08-16
2009,Honda,Activa,20000,70000.0,Bangalore,First,2023-08-21
2022,Yezdi,Scrambler Single Tone,200000,5000.0,Vijayawada,First,2023-08-21
2021,Hero,Passion Pro XTec Drum,45000,35000.0,Ahmedabad,First,2023-08-21
2019,Aprilia,SR 125 2020 Analog,55000,40000.0,Delhi,First,2023-08-21
2016,Royal,Enfield Himalayan Snow White,115000,20000.0,Gurugram,Third,2023-08-21
2022,Royal,Enfield Meteor 350 Stellar Custom,195000,25000.0,Bangalore,First,2023-08-19
2022,Honda,CB200X DX,150000,8900.0,Jaipur,Second,2023-08-19
2022,Royal,Enfield Hunter 350 Metro,165000,10000.0,Chennai,First,2023-08-16
2016,Vespa,SXL 150,49999,27500.0,Amaravati,Above,2023-08-16
2016,Honda,Navi,35000,10000.0,Pilibhit,First,2023-08-16
2013,Bajaj,Avenger Cruise 220,65000,40000.0,Hamirpur,First,2023-08-16
2018,Yamaha,FZ 25,90000,25000.0,Pune,First,2023-08-16
2020,Honda,CB Hornet 160R BS4 ABS DLX BS4,110000,50000.0,Solapur,First,2023-08-16
2020,Royal,Enfield Interceptor 650 Mark Three,250000,10000.0,Mumbai,First,2023-08-16
2021,Royal,Enfield Classic 350 Dark Series With Dual-Channel,175000,15000.0,Chennai,Second,2023-08-16
2020,Royal,Enfield Classic 350 Signals Series With Dual-Channel,160000,25000.0,Bahraich,First,2023-08-14
2021,TVS,NTORQ 125 Race Edition,70000,30000.0,Bangalore,First,2023-08-14
2022,TVS,Apache RTR 160 Disc,110000,110000.0,Delhi,First,2023-08-14
2022,Hero,Splendor Plus Black and Accent,60000,20000.0,Gandhinagar,First,2023-08-14
2014,Honda,CB125F,35000,70000.0,Ghazipur,First,2023-08-12
2017,Royal,Enfield Bullet 350 Electric Start BS4,110000,40000.0,Sonipat,First,2023-08-12
2019,Jawa,Forty Two Single Channel – Nebula Blue,140000,880.0,Ghaziabad,First,2023-08-11
2017,Royal,Enfield Classic 350 Redditch Series With Single-Channel,155000,50000.0,Gautam,Third,2023-08-10
2021,Hero,Glamour Drum 100 Million Edition,69000,10000.0,Delhi,First,2023-08-10
2020,Honda,CB Hornet 160R BS4 ABS DLX BS4,110000,50000.0,Solapur,First,2023-08-16
2020,Royal,Enfield Interceptor 650 Mark Three,250000,10000.0,Mumbai,First,2023-08-16
2021,Royal,Enfield Classic 350 Dark Series With Dual-Channel,175000,15000.0,Chennai,Second,2023-08-16
2020,Royal,Enfield Classic 350 Signals Series With Dual-Channel,160000,25000.0,Bahraich,First,2023-08-14
2021,TVS,NTORQ 125 Race Edition,70000,30000.0,Bangalore,First,2023-08-14
2022,TVS,Apache RTR 160 Disc,110000,110000.0,Delhi,First,2023-08-14
2022,Hero,Splendor Plus Black and Accent,60000,20000.0,Gandhinagar,First,2023-08-14
2014,Honda,CB125F,35000,70000.0,Ghazipur,First,2023-08-12
2017,Royal,Enfield Bullet 350 Electric Start BS4,110000,40000.0,Sonipat,First,2023-08-12
2019,Jawa,Forty Two Single Channel – Nebula Blue,140000,880.0,Ghaziabad,First,2023-08-11
2017,Royal,Enfield Classic 350 Redditch Series With Single-Channel,155000,50000.0,Gautam,Third,2023-08-10
2021,Hero,Glamour Drum 100 Million Edition,69000,10000.0,Delhi,First,2023-08-10
2020,Royal,Enfield Classic 350 Dark Series With Dual-Channel,200000,12000.0,Kolkata,First,2023-08-09
2010,Honda,Activa 2009-2014 STD 2009-2014,10000,60000.0,Indore,Second,2023-08-07
2016,Hero,Hunk Double Disc,35000,70000.0,Ghaziabad,First,2023-08-07
2021,Hero,Passion Pro XTec Drum,63000,15000.0,Chennai,First,2023-08-07
2021,Yamaha,FZS-FI V3 STD Bluetooth,100000,36000.0,Ghaziabad,First,2023-08-07
2022,Royal,Enfield Meteor 350 Fireball,200000,5000.0,Kolkata,First,2023-08-07
2021,Royal,Enfield Meteor 350 Stellar Custom,210000,8100.0,Mumbai,First,2023-08-07
2019,Royal,Enfield Bullet 350 X Kick Start,130000,5000.0,Vasai,First,2023-08-04
2019,Vespa,LX 125,60000,10000.0,Amroha,First,2023-08-04
2013,Bajaj,Pulsar F250 All-Black,50000,15000.0,Bhopal,First,2023-08-03
2022,KTM,200 Duke,190000,5000.0,Hyderabad,First,2023-08-03
2020,Bajaj,Pulsar 125 Single Seat – Drum,50000,10000.0,Delhi,Second,2023-08-02
2020,Royal,Enfield Classic 350 Dark Series With Dual-Channel,200000,12000.0,Kolkata,First,2023-08-09
2010,Honda,Activa 2009-2014 STD 2009-2014,10000,60000.0,Indore,Second,2023-08-07
2016,Hero,Hunk Double Disc,35000,70000.0,Ghaziabad,First,2023-08-07
2021,Hero,Passion Pro XTec Drum,63000,15000.0,Chennai,First,2023-08-07
2021,Yamaha,FZS-FI V3 STD Bluetooth,100000,36000.0,Ghaziabad,First,2023-08-07
2022,Royal,Enfield Meteor 350 Fireball,200000,5000.0,Kolkata,First,2023-08-07
2021,Royal,Enfield Meteor 350 Stellar Custom,210000,8100.0,Mumbai,First,2023-08-07
2019,Royal,Enfield Bullet 350 X Kick Start,130000,5000.0,Vasai,First,2023-08-04
2019,Vespa,LX 125,60000,10000.0,Amroha,First,2023-08-04
2013,Bajaj,Pulsar F250 All-Black,50000,15000.0,Bhopal,First,2023-08-03
2022,KTM,200 Duke,190000,5000.0,Hyderabad,First,2023-08-03
2020,Bajaj,Pulsar 125 Single Seat – Drum,50000,10000.0,Delhi,Second,2023-08-02
2021,Jawa,Perak,190000,5000.0,Nagpur,First,2023-08-02
2021,Hero,Xtreme 160R 100 Million Limited Edition,75000,20000.0,Dhule,Second,2023-08-02
2015,TVS,Jupiter STD bs4,29500,25000.0,Mumbai,First,2023-08-02
2018,Honda,Activa 4G,50000,70000.0,Madurai,First,2023-08-02
2016,KTM,200 Duke,85000,40000.0,Ahmedabad,First,2023-07-29
2023,Bajaj,Platina 110 LED DRL,78000,350.0,Chandigarh,First,2023-07-28
2021,Yamaha,FZ 25,110000,25000.0,Hyderabad,First,2023-07-26
2022,Yezdi,Scrambler Single Tone,220000,15000.0,Bangalore,First,2023-07-26
2017,Bajaj,Pulsar 180 STD (2009-2019) BS4,60000,60000.0,Bangalore,First,2023-07-26
2022,Yezdi,Adventure Mambo Black,170000,15000.0,Faridabad,First,2023-07-24
2021,Jawa,Forty Two Dual Channel – Nebula Blue,150000,15000.0,Delhi,First,2023-07-23
2016,Honda,Activa 3G,30000,25000.0,Patna,First,2023-07-21
2021,Jawa,Perak,190000,5000.0,Nagpur,First,2023-08-02
2021,Hero,Xtreme 160R 100 Million Limited Edition,75000,20000.0,Dhule,Second,2023-08-02
2015,TVS,Jupiter STD bs4,29500,25000.0,Mumbai,First,2023-08-02
2018,Honda,Activa 4G,50000,70000.0,Madurai,First,2023-08-02
2016,KTM,200 Duke,85000,40000.0,Ahmedabad,First,2023-07-29
2023,Bajaj,Platina 110 LED DRL,78000,350.0,Chandigarh,First,2023-07-28
2021,Yamaha,FZ 25,110000,25000.0,Hyderabad,First,2023-07-26
2022,Yezdi,Scrambler Single Tone,220000,15000.0,Bangalore,First,2023-07-26
2017,Bajaj,Pulsar 180 STD (2009-2019) BS4,60000,60000.0,Bangalore,First,2023-07-26
2022,Yezdi,Adventure Mambo Black,170000,15000.0,Faridabad,First,2023-07-24
2021,Jawa,Forty Two Dual Channel – Nebula Blue,150000,15000.0,Delhi,First,2023-07-23
2016,Honda,Activa 3G,30000,25000.0,Patna,First,2023-07-21
2022,Jawa,42 2.1 Tawang Edition,190000,4200.0,Hyderabad,First,2023-07-18
2019,Yamaha,R15S Moto GP Limited Edition,150000,10000.0,Hyderabad,First,2023-07-18
2009,TVS,Apache RTR 160 Disc,15000,40000.0,Lucknow,First,2023-07-14
2021,Royal,Enfield Classic 350 Signals Series With Dual-Channel,200000,2000.0,Bangalore,First,2023-07-12
2012,TVS,Scooty Pep Plus pep,15000,15000.0,Durgapur,Third,2023-07-11
2015,Hyosung,GT250R,150000,15000.0,Valsad,Second,2023-07-11
2023,TVS,Ronin Single Tone – Single Channel,150000,5000.0,Pune,First,2023-07-25
2017,KTM,390 Duke,230000,15000.0,Mysore,First,2023-07-10
2021,Royal,Enfield Meteor 350 Stellar,200000,10000.0,Kolkata,First,2023-07-10
2011,Hero,Karizma ZMR,45000,23000.0,Dehradun,First,2023-07-02
2022,Hero,Glamour Disc Black And Accent,65000,10000.0,Kolkata,First,2023-07-02
2016,Honda,Activa 125 Premium Edition Disc,35000,27000.0,Delhi,First,2023-06-28
2022,Jawa,42 2.1 Tawang Edition,190000,4200.0,Hyderabad,First,2023-07-18
2019,Yamaha,R15S Moto GP Limited Edition,150000,10000.0,Hyderabad,First,2023-07-18
2009,TVS,Apache RTR 160 Disc,15000,40000.0,Lucknow,First,2023-07-14
2021,Royal,Enfield Classic 350 Signals Series With Dual-Channel,200000,2000.0,Bangalore,First,2023-07-12
2012,TVS,Scooty Pep Plus pep,15000,15000.0,Durgapur,Third,2023-07-11
2015,Hyosung,GT250R,150000,15000.0,Valsad,Second,2023-07-11
2023,TVS,Ronin Single Tone – Single Channel,150000,5000.0,Pune,First,2023-07-25
2017,KTM,390 Duke,230000,15000.0,Mysore,First,2023-07-10
2021,Royal,Enfield Meteor 350 Stellar,200000,10000.0,Kolkata,First,2023-07-10
2011,Hero,Karizma ZMR,45000,23000.0,Dehradun,First,2023-07-02
2022,Hero,Glamour Disc Black And Accent,65000,10000.0,Kolkata,First,2023-07-02
2016,Honda,Activa 125 Premium Edition Disc,35000,27000.0,Delhi,First,2023-06-28
2021,Bajaj,Pulsar RS200 Dual ABS,150000,4000.0,Bangalore,First,2023-06-24
2015,Honda,Dio Sports STD,35000,30000.0,Bangalore,Second,2023-06-21
2021,Aprilia,SR 125 2020 Digi Cluster,65000,10000.0,Bangalore,First,2023-06-16
2021,Royal,Enfield Classic 350 Signals Series With Dual-Channel,180000,25000.0,Noida,First,2023-06-12
2021,Royal,Enfield Meteor 350 Stellar Custom,175000,8500.0,Noida,First,2023-06-08
2022,Aprilia,SXR 125,80000,5000.0,Vidisha,First,2023-05-23
2020,KTM,RC 200,165000,10000.0,Lucknow,First,2023-05-22
2019,Honda,Activa 5G Limited Edition STD,58000,10000.0,Bangalore,First,2023-05-22
2019,Royal,Enfield Interceptor 650 Baker Express,215000,6500.0,Noida,First,2023-05-04
2017,Bajaj,Avenger Street 160,45000,30000.0,Delhi,First,2023-04-29
2018,Hero,Super Splendor Canvas Black Edition Drum,42000,20000.0,Delhi,Second,2023-04-11
2022,Royal,Enfield Classic 350 Chrome Series With Dual-Channel,200000,15000.0,Allahabad,First,2023-04-11
2021,Bajaj,Pulsar RS200 Dual ABS,150000,4000.0,Bangalore,First,2023-06-24
2015,Honda,Dio Sports STD,35000,30000.0,Bangalore,Second,2023-06-21
2021,Aprilia,SR 125 2020 Digi Cluster,65000,10000.0,Bangalore,First,2023-06-16
2021,Royal,Enfield Classic 350 Signals Series With Dual-Channel,180000,25000.0,Noida,First,2023-06-12
2021,Royal,Enfield Meteor 350 Stellar Custom,175000,8500.0,Noida,First,2023-06-08
2022,Aprilia,SXR 125,80000,5000.0,Vidisha,First,2023-05-23
2020,KTM,RC 200,165000,10000.0,Lucknow,First,2023-05-22
2019,Honda,Activa 5G Limited Edition STD,58000,10000.0,Bangalore,First,2023-05-22
2019,Royal,Enfield Interceptor 650 Baker Express,215000,6500.0,Noida,First,2023-05-04
2017,Bajaj,Avenger Street 160,45000,30000.0,Delhi,First,2023-04-29
2018,Hero,Super Splendor Canvas Black Edition Drum,42000,20000.0,Delhi,Second,2023-04-11
2022,Royal,Enfield Classic 350 Chrome Series With Dual-Channel,200000,15000.0,Allahabad,First,2023-04-11
2013,Honda,Dream Yuga 110,30000,80000.0,Bangalore,Second,2023-04-05
2013,Honda,Dream Yuga 110,30000,80000.0,Bangalore,Second,2023-04-05
